,x,y,target,kfold
0,-11.686668,16.893547,5,0
1,52.202187,-35.845535,7,0
2,-17.64207,-21.798637,8,0
3,1.1886951,-54.749718,1,0
4,56.852783,-34.839916,7,0
5,2.9858987,48.11755,6,0
6,-35.297504,18.793129,3,0
7,-51.04802,1.202938,3,0
8,26.1772,4.839361,9,0
9,35.176376,20.630487,9,0
10,-3.0360234,55.278,6,0
11,32.22423,-28.732822,9,0
12,-13.782263,-47.153263,8,0
13,39.060005,-8.651937,4,0
14,57.274494,5.547554,4,0
15,-26.677416,48.466602,0,0
16,-28.987167,-40.760567,2,0
17,-28.7039,-21.476128,8,0
18,-21.463234,61.472313,0,0
19,-32.35292,11.520341,3,0
20,26.855196,-36.272484,9,0
21,37.75208,-8.139538,4,0
22,53.681614,-2.4166028,4,0
23,40.181854,-6.2897844,4,0
24,-38.325798,29.975275,5,0
25,44.09526,13.187912,4,0
26,-8.848685,-14.990714,8,0
27,7.829809,37.247757,6,0
28,-18.832554,3.6890466,8,0
29,-4.111684,-42.57812,1,0
30,35.90813,-42.103138,7,0
31,-34.63892,-13.779921,8,0
32,-33.661346,48.550014,0,0
33,2.346121,-33.765022,1,0
34,-45.53973,-40.58323,2,0
35,-53.262104,-41.37135,2,0
36,-20.388596,14.907383,8,1
37,-3.5947204,45.96892,6,1
38,-38.183945,28.102722,5,1
39,34.291943,-23.204168,9,1
40,-4.211971,48.977238,6,1
41,26.91249,-0.74824214,4,1
42,-5.8891807,-26.316435,6,1
43,-12.968856,17.728117,5,1
44,-54.78767,6.524894,3,1
45,39.082203,2.1558392,9,1
46,39.98293,-11.395022,4,1
47,-5.301286,50.80556,0,1
48,50.33389,26.852737,4,1
49,55.996334,-24.328054,7,1
50,4.971248,9.978361,5,1
51,-20.407106,-5.889405,8,1
52,-49.241573,-36.333458,2,1
53,52.0679,-7.563529,9,1
54,38.266094,-20.82716,4,1
55,-41.06188,-31.141706,2,1
56,-23.096092,46.64539,0,1
57,-2.298356,23.3505,5,1
58,-27.764517,-15.627457,8,1
59,30.248749,-12.090466,8,1
60,47.668983,15.414758,9,1
61,-43.34648,17.982935,3,1
62,-54.410275,-41.91503,2,1
63,66.87397,-32.71416,7,1
64,-47.849308,-38.197178,2,1
65,47.82231,26.081425,9,1
66,42.664658,31.438087,7,1
67,-35.877945,16.36261,3,1
68,-28.463036,-19.042124,8,1
69,-2.9472568,-34.38912,1,1
70,0.010373016,40.61179,6,1
71,-44.496235,-42.898865,2,1
72,-24.485281,60.69003,0,2
73,37.191265,-18.283989,4,2
74,-34.266113,8.410654,3,2
75,-47.829567,-37.086765,2,2
76,-16.348303,-20.8628,3,2
77,46.079243,16.39887,9,2
78,-23.381964,-40.328632,2,2
79,30.291542,-21.848454,9,2
80,20.270819,50.05034,6,2
81,52.666073,6.5204506,4,2
82,-44.688194,16.11229,3,2
83,-33.529945,-41.10522,2,2
84,-24.04608,-5.9005575,3,2
85,4.270555,4.642387,5,2
86,-11.703461,-41.483,1,2
87,27.304224,-32.730053,4,2
88,-49.0813,-9.350625,3,2
89,-0.68253577,-26.769444,1,2
90,2.6300032,43.170025,6,2
91,32.593605,-2.0256119,9,2
92,-7.2523327,-49.231068,1,2
93,2.8243642,-47.07929,1,2
94,-5.1941385,-42.6088,1,2
95,49.79413,-38.417633,7,2
96,-22.64907,-43.78866,2,2
97,-20.593616,64.22003,0,2
98,53.811928,-34.67391,7,2
99,-19.651844,18.562529,5,2
100,-27.859169,-33.287777,2,2
101,-47.426952,-42.78337,2,2
102,-3.9894722,12.185702,5,2
103,37.64799,-44.662056,7,2
104,-33.525433,-13.528434,8,2
105,-6.307722,16.772089,5,2
106,34.82115,-15.326577,4,2
107,39.814377,12.667367,9,2
108,1.0664368,-58.85598,1,3
109,-25.305325,-20.442997,8,3
110,52.64144,22.116934,4,3
111,-40.738506,15.879375,3,3
112,54.16336,-9.485705,9,3
113,51.587055,-11.096973,9,3
114,-23.397318,-44.720207,2,3
115,-51.973816,-40.017506,2,3
116,-25.83296,6.918056,2,3
117,34.59677,-9.488972,7,3
118,12.062927,40.551414,6,3
119,26.981619,-37.42436,9,3
120,43.924614,-32.152096,7,3
121,42.64346,-5.7682776,4,3
122,40.057587,35.734863,6,3
123,12.078565,51.511246,6,3
124,14.78762,-38.504086,2,3
125,-50.916637,4.6444507,3,3
126,33.28024,17.628595,9,3
127,34.391853,5.908573,4,3
128,2.3106697,6.9034157,5,3
129,10.199961,-30.13881,7,3
130,50.939243,-27.569183,7,3
131,2.9812727,53.17721,6,3
132,-40.92555,58.228127,0,3
133,-41.994957,59.713074,0,3
134,-22.009014,66.73531,0,3
135,38.505043,-43.25397,7,3
136,-48.29977,-36.23929,2,3
137,-33.315956,60.32641,0,3
138,-23.778479,-20.424295,8,3
139,-24.933674,-2.167713,8,3
140,25.754543,-13.345042,5,3
141,34.02642,19.456608,9,3
142,-20.068165,-1.4233211,8,3
143,-39.377655,45.787106,0,4
144,32.691814,-10.672704,9,4
145,-29.249365,0.88592225,3,4
146,-18.02472,-26.23034,2,4
147,-49.39774,2.5246217,3,4
148,22.38773,-33.90513,8,4
149,-19.853384,4.0665936,8,4
150,47.582294,10.36754,9,4
151,-25.567694,-41.587112,2,4
152,-38.79007,23.266785,3,4
153,-18.809837,24.643362,5,4
154,-26.297253,53.000298,0,4
155,23.150629,-5.312354,4,4
156,25.454994,-29.54879,9,4
157,3.9741614,-61.107662,4,4
158,-2.1911411,-46.173145,1,4
159,-1.3294888,-18.307604,1,4
160,-3.4303453,-13.295726,4,4
161,-15.220737,11.376467,5,4
162,53.946133,-12.651185,8,4
163,-52.783405,-0.025573255,3,4
164,51.988785,-39.125076,7,4
165,-26.70956,45.902702,0,4
166,34.629787,-9.607252,9,4
167,-26.79292,-11.95813,8,4
168,-48.216633,5.023683,3,4
169,-2.9801507,-36.52213,1,4
170,-20.332085,-37.319927,2,4
171,24.855171,42.18265,6,4
172,39.494556,2.9473412,9,4
173,8.921085,53.11361,6,4
174,35.933735,-26.143782,9,4
175,43.25734,20.862682,9,4
176,37.054897,1.1516644,9,4
177,13.902578,-37.074303,2,4
178,38.603947,-41.883167,7,-1
179,-32.557724,45.725258,0,-1
180,46.43318,-34.644207,7,-1
181,45.82247,-35.46626,7,-1
182,-16.315607,15.975378,5,-1
183,13.167099,-44.038807,2,-1
184,-43.3055,20.020895,5,-1
185,-34.05026,-4.3300934,8,-1
186,-18.362946,65.83625,0,-1
187,25.182793,46.44254,6,-1
188,-3.2595007,-54.08313,1,-1
189,48.56495,-37.937286,7,-1
190,-40.80455,56.318485,0,-1
191,11.724285,-22.396324,2,-1
192,-48.226967,2.7817998,3,-1
193,-27.391956,66.31564,0,-1
194,-51.03574,3.6555839,3,-1
195,38.26451,3.5353186,9,-1
196,22.958132,47.92766,6,-1
197,58.281086,-2.4207182,4,-1
198,-43.798588,23.151234,3,-1
199,-20.850666,8.767298,8,-1
200,2.4203062,-12.92861,1,-1
201,-37.83245,13.618149,8,-1
202,-11.247921,16.699095,5,-1
203,46.783504,9.106519,4,-1
204,7.7730727,56.976845,6,-1
205,-25.341345,22.303019,3,-1
206,-31.474474,31.229673,5,-1
207,6.360807,15.340987,5,-1
208,38.421345,10.777945,4,-1
209,-32.384014,15.465617,3,-1
210,2.0211875,-12.135864,1,-1
211,0.71301526,8.054216,5,-1
212,29.187893,-6.958227,9,-1
213,32.455143,-7.0819335,7,-1
214,-28.522593,24.003595,5,-1
215,5.3135824,-15.116479,1,-1
216,-34.95585,68.434044,0,-1
217,-30.805662,49.83112,0,-1
218,29.563135,15.622626,1,-1
219,-39.33154,-40.423203,2,-1
220,40.448555,-17.645185,4,-1
221,39.87101,-35.68552,7,-1
222,12.479634,-36.5367,2,-1
223,0.96136796,-40.574104,1,-1
224,40.493523,21.992283,9,-1
225,-40.490253,58.083836,0,-1
226,25.350243,-24.403234,9,-1
227,-50.231415,7.9162793,3,-1
228,-10.11844,17.753498,5,-1
229,-38.81207,5.584665,3,-1
230,-3.5069916,-33.59835,1,-1
231,48.686832,-29.53754,7,-1
232,-30.91674,-12.001196,8,-1
233,27.003492,-9.474073,9,-1
234,-8.390837,-46.856888,1,-1
235,32.258472,-14.795431,4,-1
236,-6.5105834,-35.86834,2,-1
237,-28.06464,-20.415058,8,-1
238,-36.17475,47.56782,0,-1
239,0.42641675,-57.558662,1,-1
240,32.117306,-26.231466,9,-1
241,38.854683,-7.2069254,4,-1
242,6.9440923,5.495477,5,-1
243,-33.741978,51.38189,0,-1
244,54.140415,-6.3473024,9,-1
245,-48.939102,-37.95958,2,-1
246,63.89227,-34.8486,7,-1
247,67.117004,-29.790878,7,-1
248,-32.726593,-7.166919,8,-1
249,34.312355,-18.073042,4,-1
250,-30.168125,54.68682,0,-1
251,-18.540947,10.683634,5,-1
252,-25.053959,14.475544,3,-1
253,14.636726,49.000267,6,-1
254,-24.582935,65.08382,0,-1
255,49.97047,15.37594,9,-1
256,-34.866066,1.6755943,3,-1
257,-41.060604,-36.497616,2,-1
258,-50.448185,-6.7582574,3,-1
259,36.892433,0.5357034,9,-1
260,31.459057,5.3242908,4,-1
261,-21.487041,-15.31461,8,-1
262,3.4104145,56.673325,6,-1
263,33.82693,-25.170815,9,-1
264,9.478569,48.24376,6,-1
265,32.688286,2.4771602,9,-1
266,-36.30175,-8.313311,8,-1
267,48.14587,-8.790768,9,-1
268,-1.1750904,-33.451332,1,-1
269,42.129955,-6.2180967,4,-1
270,-0.7400245,-62.000336,1,-1
271,30.505514,-15.836175,2,-1
272,-19.758612,-0.9420709,8,-1
273,-50.446884,-42.67327,2,-1
274,-17.915817,18.025784,5,-1
275,-49.02647,12.08949,3,-1
276,-29.37415,-44.77224,2,-1
277,8.042561,7.1342206,5,-1
278,3.911835,35.502083,6,-1
279,2.8117476,43.788467,6,-1
280,3.7590127,52.586372,6,-1
281,31.362198,11.475845,9,-1
282,50.38193,-21.28157,7,-1
283,-52.163567,-37.65655,2,-1
284,45.119656,-42.96215,7,-1
285,3.813353,-9.636892,2,-1
286,45.43359,19.912733,9,-1
287,-12.131126,-36.73666,6,-1
288,16.155638,-31.424915,7,-1
289,-23.658344,-5.790009,8,-1
290,55.966755,0.15137044,4,-1
291,-47.4418,0.34368324,3,-1
292,36.016342,-18.269136,4,-1
293,10.616683,44.765972,6,-1
294,51.69281,-38.569542,7,-1
295,-34.240376,61.81606,0,-1
296,-36.82008,24.733257,5,-1
297,-21.59317,28.974142,5,-1
298,-25.987436,-7.255969,8,-1
299,38.86655,-20.4621,4,-1
300,-35.72552,29.877626,5,-1
301,53.50506,-7.980548,9,-1
302,-38.414684,5.594863,3,-1
303,-23.369072,66.186714,0,-1
304,49.351833,5.977243,4,-1
305,-51.858063,-1.9915723,3,-1
306,-51.998398,-38.81587,2,-1
307,29.817862,-0.41351914,4,-1
308,2.5947502,-28.029886,1,-1
309,47.49764,-40.02781,7,-1
310,-50.989525,-41.6099,2,-1
311,24.796328,41.85822,6,-1
312,-17.784046,29.989443,5,-1
313,4.3223786,7.773934,5,-1
314,-30.189272,-14.301689,8,-1
315,-20.955086,64.426346,0,-1
316,-16.957087,19.07735,5,-1
317,21.673927,48.805294,6,-1
318,-3.7518718,23.505598,5,-1
319,-1.5336477,45.241848,6,-1
320,-26.956863,-42.9233,2,-1
321,11.173037,51.53323,6,-1
322,-35.62631,48.30432,0,-1
323,-37.76021,56.863148,0,-1
324,9.920211,45.27448,6,-1
325,49.206455,-10.845938,9,-1
326,14.131429,-44.297638,2,-1
327,-6.50302,-61.53744,1,-1
328,-0.8320079,54.849766,6,-1
329,6.55528,-29.279211,7,-1
330,0.7344741,-19.15546,1,-1
331,-40.16306,-36.966747,2,-1
332,-31.327488,-16.3028,8,-1
333,2.2634716,53.807167,6,-1
334,45.837593,24.416426,9,-1
335,-12.709194,25.23371,6,-1
336,-9.6831,20.944576,5,-1
337,-19.661165,50.06421,0,-1
338,53.56808,-6.8982987,9,-1
339,36.84844,1.1574317,9,-1
340,-34.33625,17.3343,3,-1
341,0.9970585,11.829865,5,-1
342,40.92965,13.969471,9,-1
343,5.7220864,10.297943,5,-1
344,-0.035143558,58.679756,4,-1
345,-34.966984,11.886812,3,-1
346,-32.93982,3.2827826,3,-1
347,-35.256603,63.870472,0,-1
348,44.38701,2.0078557,4,-1
349,56.851284,-32.578377,7,-1
350,-5.1221266,-23.517153,1,-1
351,-7.598862,17.080688,5,-1
352,-21.75875,2.9799623,8,-1
353,-36.91344,-38.354614,2,-1
354,-0.08987854,-63.101055,1,-1
355,52.145638,1.4370109,4,-1
356,40.36385,-1.3430941,4,-1
357,-42.484303,11.434542,3,-1
358,28.560457,-4.8560824,9,-1
359,52.188065,-30.726936,3,-1
360,-2.9885166,-17.67953,1,-1
361,-0.7957579,-32.914265,1,-1
362,24.717161,-1.5287308,4,-1
363,35.730007,6.2143164,9,-1
364,6.3979363,56.448345,6,-1
365,-13.758496,15.304757,5,-1
366,35.673046,-15.454895,4,-1
367,-26.216599,24.741,5,-1
368,33.759365,25.090109,9,-1
369,38.876656,-5.057631,4,-1
370,-30.272945,-13.447428,8,-1
371,-26.354317,21.809114,5,-1
372,-19.133158,25.967104,5,-1
373,-45.039703,-45.088337,2,-1
374,10.711649,11.2378645,5,-1
375,22.782463,-36.85315,3,-1
376,-14.505232,19.382536,5,-1
377,48.08481,-38.932785,7,-1
378,-34.909935,10.076053,3,-1
379,-1.0122129,-63.105915,1,-1
380,-25.007435,54.793274,0,-1
381,2.9231472,32.93662,4,-1
382,55.27696,-23.278334,7,-1
383,38.53134,15.972562,9,-1
384,4.8645,-53.473507,1,-1
385,18.947924,43.767216,6,-1
386,-22.555363,5.302935,8,-1
387,45.53992,-14.6201515,9,-1
388,-38.3967,30.295938,5,-1
389,64.883705,-27.263218,7,-1
390,-34.359386,57.548748,0,-1
391,20.40071,40.19867,6,-1
392,2.8840563,7.215749,5,-1
393,20.752558,-10.85368,7,-1
394,-21.013138,62.642876,0,-1
395,58.46199,0.47400728,4,-1
396,-25.851612,23.591682,5,-1
397,49.0282,-39.67886,7,-1
398,-31.105814,5.549081,3,-1
399,10.490752,-16.904898,2,-1
400,44.860096,10.210118,4,-1
401,5.6482916,11.391226,5,-1
402,1.4829227,-14.97143,1,-1
403,36.79852,-39.508022,7,-1
404,23.43815,-6.3754764,4,-1
405,11.667477,56.655155,6,-1
406,-48.82592,-9.45186,3,-1
407,-27.717224,-16.806013,8,-1
408,3.5123894,-15.382189,1,-1
409,-0.4619989,-64.435585,1,-1
410,-0.8467917,10.975765,5,-1
411,36.48048,-40.82586,7,-1
412,-19.569294,28.842157,5,-1
413,30.813496,-47.340797,7,-1
414,42.488575,24.112701,9,-1
415,-46.62793,3.0885787,3,-1
416,-23.475977,-36.731045,2,-1
417,35.845825,5.8912883,9,-1
418,46.19611,-33.487686,7,-1
419,-17.810995,29.92174,5,-1
420,30.867039,-30.183815,9,-1
421,-4.5304403,-40.982758,1,-1
422,59.601254,-33.867126,7,-1
423,-15.514239,17.183804,5,-1
424,-26.277243,-17.347536,8,-1
425,-31.70382,44.28816,0,-1
426,-35.333447,14.549398,3,-1
427,-2.6535084,-47.51361,1,-1
428,-24.716612,-20.169884,8,-1
429,59.0018,-35.12825,7,-1
430,-1.0314181,-58.8759,1,-1
431,-3.237688,-62.421707,1,-1
432,55.13045,14.874378,7,-1
433,44.62816,-37.156055,7,-1
434,47.57038,-28.83945,7,-1
435,45.122124,-35.23214,7,-1
436,-12.263067,-42.944557,1,-1
437,29.276476,-25.399368,9,-1
438,5.065381,4.945985,5,-1
439,33.442604,-28.266703,9,-1
440,4.0096636,-12.362326,1,-1
441,-17.15035,26.265663,5,-1
442,-39.696,12.419288,3,-1
443,40.09526,4.9791203,9,-1
444,-37.115227,61.461754,0,-1
445,31.454485,-34.32963,9,-1
446,-33.578114,-7.50917,8,-1
447,-14.277093,7.5604186,8,-1
448,-1.1093814,49.808018,6,-1
449,-19.891417,42.798615,0,-1
450,-40.024185,6.465077,3,-1
451,54.5064,6.977085,4,-1
452,-25.580465,20.061453,3,-1
453,8.343665,-60.09892,4,-1
454,6.106188,58.123013,6,-1
455,-0.42694524,-17.546385,1,-1
456,52.666634,-37.887077,7,-1
457,-42.11435,14.983887,3,-1
458,42.88921,-31.013556,9,-1
459,31.87274,0.7749451,9,-1
460,61.62964,-23.042498,7,-1
461,15.146571,42.65526,6,-1
462,14.231733,42.673893,6,-1
463,-2.2572227,-62.80396,1,-1
464,-41.167236,-2.978961,3,-1
465,63.231804,-29.836819,7,-1
466,49.077877,-12.679075,9,-1
467,39.832066,-40.883717,7,-1
468,-16.663237,-35.293465,2,-1
469,29.72452,11.685375,4,-1
470,60.720116,-34.668373,7,-1
471,16.603626,42.79958,6,-1
472,-28.698484,-35.66892,2,-1
473,21.784212,50.534035,6,-1
474,1.2942816,-30.329319,1,-1
475,-0.34520498,49.94921,6,-1
476,29.603765,-0.35838604,4,-1
477,-13.870985,-47.26452,8,-1
478,-30.160614,-21.992365,8,-1
479,-40.234135,10.401169,3,-1
480,-28.290684,15.629816,3,-1
481,-44.33064,12.121157,3,-1
482,1.713353,-49.536102,1,-1
483,-11.148841,14.457854,5,-1
484,18.636595,24.639877,4,-1
485,2.0493586,41.44762,6,-1
486,-42.398552,9.413929,3,-1
487,-1.3857627,-50.663174,1,-1
488,5.7211037,50.6403,6,-1
489,37.155552,12.050127,4,-1
490,10.680607,58.025497,6,-1
491,-21.342281,67.43604,0,-1
492,49.839203,-26.503113,7,-1
493,-37.04902,60.827644,0,-1
494,14.828584,-40.30617,2,-1
495,36.995308,-28.02897,9,-1
496,-3.6692488,-53.072617,1,-1
497,-20.624012,15.657063,8,-1
498,-15.9048,-8.359346,8,-1
499,47.9995,3.5265677,4,-1
500,26.513304,-39.716663,7,-1
501,40.5096,-40.49675,7,-1
502,-33.589684,51.9442,0,-1
503,-7.8071485,-50.114174,1,-1
504,-21.489378,-4.00785,8,-1
505,33.33131,14.024834,9,-1
506,16.588392,39.08671,6,-1
507,43.554,17.086777,4,-1
508,-43.818275,23.12522,3,-1
509,44.42647,0.53008074,4,-1
510,28.305939,-42.4108,7,-1
511,27.816542,40.704197,6,-1
512,-2.4579842,-21.757269,1,-1
513,57.791763,-31.658667,7,-1
514,56.83422,-25.746983,7,-1
515,35.63198,0.0033742674,9,-1
516,41.07209,-23.57921,4,-1
517,5.2642365,8.461936,5,-1
518,-2.4504595,-40.020195,1,-1
519,-21.274046,55.51939,0,-1
520,-12.956179,25.384857,6,-1
521,36.501442,-5.378027,4,-1
522,0.8798837,45.992195,6,-1
523,14.760394,45.00279,6,-1
524,-5.2109604,-14.041339,8,-1
525,-23.35274,-28.959995,2,-1
526,28.47609,-0.7629006,9,-1
527,-29.004368,63.033592,0,-1
528,55.778507,-21.309221,7,-1
529,-42.751644,60.886627,0,-1
530,41.873295,-48.028976,7,-1
531,4.6939387,45.133835,6,-1
532,30.371607,-9.331419,9,-1
533,-23.582438,7.8648753,8,-1
534,38.388924,19.247599,9,-1
535,-40.33826,-33.74211,2,-1
536,-21.210354,-10.89315,8,-1
537,35.176426,3.21519,9,-1
538,-31.636707,44.308987,0,-1
539,44.693592,22.620075,9,-1
540,32.31587,-32.938957,9,-1
541,-47.048885,-37.877834,2,-1
542,49.37183,16.638203,9,-1
543,-8.208978,12.062533,3,-1
544,30.413935,-15.873647,2,-1
545,24.828491,44.541485,6,-1
546,3.8435912,12.446857,5,-1
547,2.8321927,-16.072016,1,-1
548,-33.009727,3.1461236,3,-1
549,-17.1436,23.75756,5,-1
550,-21.292007,-13.055121,8,-1
551,-42.391586,17.81111,3,-1
552,5.8664145,-30.320107,3,-1
553,30.658175,5.9382415,4,-1
554,-26.180777,-39.32822,2,-1
555,-44.77871,-42.260036,2,-1
556,-8.312458,21.819187,5,-1
557,66.34224,-32.957626,7,-1
558,1.1283389,-54.500683,1,-1
559,5.599224,33.419914,6,-1
560,-44.395416,-3.7455106,3,-1
561,-2.862959,-57.801147,1,-1
562,42.822956,-42.27284,7,-1
563,27.988855,7.1209836,9,-1
564,-46.55561,19.67421,3,-1
565,-13.5800085,33.10547,5,-1
566,6.077547,34.94727,6,-1
567,4.6178412,49.897045,6,-1
568,-35.78747,68.863754,0,-1
569,1.255323,-56.167614,1,-1
570,-39.489964,-43.35085,2,-1
571,1.1636641,45.16142,6,-1
572,19.866299,-7.1246133,4,-1
573,35.410995,-14.303692,4,-1
574,40.076813,2.0440261,9,-1
575,-32.295307,56.484104,0,-1
576,-2.3626108,50.928024,6,-1
577,-33.14452,54.026306,0,-1
578,48.923985,21.615335,4,-1
579,-4.80778,-24.997519,1,-1
580,10.390189,5.8503137,5,-1
581,4.6415553,17.675577,5,-1
582,-46.90374,8.406356,3,-1
583,-1.386289,-41.802635,1,-1
584,-40.282078,48.20577,0,-1
585,-18.065174,3.4004169,8,-1
586,48.936115,-44.515114,7,-1
587,-7.140333,17.578743,5,-1
588,-27.112745,-15.440855,8,-1
589,-4.673175,48.809597,6,-1
590,17.118221,42.176537,6,-1
591,-32.249855,53.94641,0,-1
592,50.283424,22.739868,4,-1
593,-6.7013288,21.533619,5,-1
594,-56.67934,-39.863453,2,-1
595,-13.778217,0.99918616,8,-1
596,-25.915789,-16.096062,8,-1
597,3.239348,-13.166996,1,-1
598,-1.653526,-39.97903,1,-1
599,51.503857,-44.93995,7,-1
600,52.345886,17.446953,7,-1
601,47.54982,-45.353058,7,-1
602,6.7179027,34.630642,6,-1
603,-9.540128,29.612774,5,-1
604,0.9921395,56.388504,6,-1
605,-2.3890712,-25.092104,1,-1
606,-26.071218,-34.628925,2,-1
607,47.72081,12.526676,4,-1
608,26.497812,-41.48108,9,-1
609,32.36051,-33.297436,9,-1
610,-32.65779,52.01883,0,-1
611,62.238827,-21.677507,9,-1
612,24.863329,-25.358706,9,-1
613,0.44524765,5.2742963,5,-1
614,-16.805962,18.701447,5,-1
615,-37.70345,6.9383817,3,-1
616,-6.4910827,-52.84122,1,-1
617,-29.40232,-30.989056,2,-1
618,59.293392,-28.487259,7,-1
619,-55.40381,-39.277225,2,-1
620,-37.55751,-36.79044,2,-1
621,10.884914,44.040695,6,-1
622,21.356194,39.730286,3,-1
623,-2.4614985,38.57511,6,-1
624,-2.452276,-39.20716,1,-1
625,25.315393,47.834976,6,-1
626,-22.314247,2.2232852,8,-1
627,44.67493,12.789619,4,-1
628,-30.719545,-44.732037,2,-1
629,43.88398,9.410757,4,-1
630,44.168736,6.5795517,4,-1
631,-35.66367,27.446274,5,-1
632,-23.573582,-17.329884,8,-1
633,-50.89505,5.1314263,3,-1
634,52.964794,-36.0837,7,-1
635,20.084677,-6.8695626,9,-1
636,-17.380007,-22.59052,8,-1
637,42.500633,-2.8647182,4,-1
638,-28.50983,-5.838198,8,-1
639,14.12086,-44.78524,2,-1
640,-34.057156,25.858776,5,-1
641,-49.67744,-10.30905,3,-1
642,59.367764,-31.686401,7,-1
643,-42.85075,60.830673,0,-1
644,50.704422,0.65688396,4,-1
645,53.29377,24.83664,4,-1
646,-10.956657,21.717766,5,-1
647,0.10578615,-62.24466,1,-1
648,53.141922,-23.089626,7,-1
649,49.097153,-7.5594296,9,-1
650,-2.5663402,-49.414215,1,-1
651,-39.83063,48.384007,0,-1
652,-4.151763,-57.13025,1,-1
653,35.438293,18.84242,9,-1
654,-5.56549,-53.5499,1,-1
655,36.150715,37.149147,6,-1
656,4.669934,34.536682,6,-1
657,-53.829926,-40.06886,2,-1
658,-36.99843,-38.902714,2,-1
659,-37.575718,8.089102,3,-1
660,-21.45584,49.880554,0,-1
661,-3.8219702,-16.777498,1,-1
662,32.235664,-32.275677,9,-1
663,55.11887,14.72732,7,-1
664,45.17961,4.6215644,4,-1
665,38.876896,-9.62494,4,-1
666,-27.86204,31.44157,9,-1
667,-32.163025,-17.516441,8,-1
668,30.39664,-21.37712,9,-1
669,35.563564,-42.250725,7,-1
670,48.28488,-32.528225,7,-1
671,-0.9905947,-28.9215,1,-1
672,-24.201246,-31.185684,2,-1
673,-26.83632,-13.782086,8,-1
674,0.6167664,-20.5373,1,-1
675,12.794719,20.362133,5,-1
676,-25.105612,-14.714343,8,-1
677,55.303528,-39.93213,2,-1
678,30.947258,-4.177651,9,-1
679,-22.380713,47.143845,0,-1
680,37.757977,31.615915,9,-1
681,-31.051542,-1.7327045,3,-1
682,27.888855,41.64402,6,-1
683,30.552994,5.6020207,4,-1
684,20.555494,45.569298,6,-1
685,-52.70849,-34.18941,2,-1
686,-34.81664,-35.399117,2,-1
687,-2.4779234,20.302757,5,-1
688,-20.400839,-8.832743,8,-1
689,-18.06878,65.454414,0,-1
690,53.097336,-39.801403,7,-1
691,-35.43341,6.884167,3,-1
692,-34.043087,32.12724,5,-1
693,-19.953995,26.388834,5,-1
694,-43.646477,-33.86545,2,-1
695,-22.167,-16.72893,8,-1
696,-37.73592,15.333923,3,-1
697,-0.07466143,-39.78146,1,-1
698,57.25197,-20.240698,7,-1
699,-4.754669,24.79923,5,-1
700,-17.838058,42.91238,9,-1
701,-11.14314,-44.451527,1,-1
702,5.9942794,-36.094536,2,-1
703,-32.678505,-7.1524525,8,-1
704,-12.475413,22.340609,8,-1
705,46.24749,9.718967,4,-1
706,-23.931973,-28.386152,2,-1
707,32.45563,-1.9160098,9,-1
708,16.881266,41.306664,6,-1
709,-27.056067,-21.404032,8,-1
710,41.988808,-39.713726,7,-1
711,-28.999895,-34.06254,2,-1
712,41.102654,-0.00767566,4,-1
713,5.830166,31.964722,4,-1
714,-30.265497,45.82837,0,-1
715,28.427174,6.2322626,9,-1
716,-4.412664,-37.400455,1,-1
717,-40.11638,51.908657,0,-1
718,-34.700558,67.54885,0,-1
719,-52.893585,-33.517185,2,-1
720,23.216225,42.229717,6,-1
721,-5.00629,-31.69683,1,-1
722,-31.498043,-19.7908,8,-1
723,5.5761514,46.016876,6,-1
724,50.69512,-39.56127,7,-1
725,-11.714199,-36.6371,6,-1
726,-17.75034,65.21676,6,-1
727,-5.8307037,-58.101475,1,-1
728,-3.2304552,-41.367775,1,-1
729,-39.864822,-34.597725,2,-1
730,31.043509,-25.750505,9,-1
731,38.056347,34.306118,6,-1
732,7.9281282,-61.360558,4,-1
733,38.445545,-10.127637,4,-1
734,10.025797,9.521717,5,-1
735,-39.371803,45.772568,0,-1
736,-34.849613,24.98078,8,-1
737,-16.394272,15.189599,5,-1
738,-33.339436,-17.37633,8,-1
739,50.47112,-21.316597,7,-1
740,-27.31364,-19.27392,8,-1
741,-21.58043,4.976177,8,-1
742,-2.390565,-34.428883,1,-1
743,-17.602491,19.576818,5,-1
744,-36.76123,24.670425,5,-1
745,64.54666,-27.786055,7,-1
746,46.704437,-29.923409,7,-1
747,45.772957,-0.7906093,4,-1
748,55.11091,-23.758757,7,-1
749,51.420006,13.843726,9,-1
750,27.118198,-11.94816,9,-1
751,-3.8482544,46.885735,6,-1
752,-14.890792,39.65136,0,-1
753,11.614495,-29.623308,9,-1
754,37.159096,-8.723276,4,-1
755,66.7645,-33.797672,7,-1
756,13.951145,43.8661,6,-1
757,-6.2544885,25.998854,5,-1
758,-39.53007,2.095898,3,-1
759,-54.942204,-39.618427,2,-1
760,-32.713837,13.498331,3,-1
761,37.579517,-21.36199,4,-1
762,52.05522,22.701065,4,-1
763,47.075737,3.0254393,4,-1
764,-21.814491,53.157692,0,-1
765,27.62732,43.744534,6,-1
766,-21.076166,0.97628474,8,-1
767,46.478817,9.709189,4,-1
768,25.57312,-8.180317,9,-1
769,-2.6440737,-16.5943,1,-1
770,8.897321,50.482452,6,-1
771,37.636086,-44.209023,7,-1
772,3.018655,-48.29322,1,-1
773,-3.495658,-41.922718,1,-1
774,11.446559,40.34447,6,-1
775,2.6814735,47.1942,6,-1
776,-22.95014,63.55033,0,-1
777,-36.025997,63.22946,0,-1
778,-38.070114,54.02596,0,-1
779,-5.640295,-47.669235,1,-1
780,-26.137249,14.695,3,-1
781,10.988955,54.55373,6,-1
782,-22.282217,-14.424494,8,-1
783,-30.051575,63.437057,0,-1
784,-34.96943,-48.16393,2,-1
785,-13.011941,-45.131023,3,-1
786,-43.46734,52.28534,0,-1
787,27.18543,46.686436,6,-1
788,23.338205,42.625824,6,-1
789,-2.335472,-59.938046,1,-1
790,26.709047,40.75519,6,-1
791,-17.895922,1.8338736,8,-1
792,-19.174381,28.35824,5,-1
793,-37.29075,-37.732098,2,-1
794,-37.286736,60.595093,0,-1
795,-29.02033,-34.118904,2,-1
796,34.497902,-16.17794,4,-1
797,-23.218155,56.05632,0,-1
798,-1.3540735,-57.340088,1,-1
799,11.966393,55.580837,6,-1
800,58.12605,-22.76624,7,-1
801,1.0877731,35.434307,6,-1
802,-29.56875,66.83855,0,-1
803,-2.0624719,39.531506,6,-1
804,-43.23469,-38.089924,2,-1
805,-30.78958,-2.7154064,8,-1
806,-26.031248,-21.008469,8,-1
807,23.243,45.662,6,-1
808,-21.495731,-49.968056,2,-1
809,-38.3615,13.800318,8,-1
810,-49.33015,17.19327,8,-1
811,-17.614513,-4.5683846,8,-1
812,-34.025684,11.244928,3,-1
813,-24.454426,62.513226,0,-1
814,61.461533,-36.45729,7,-1
815,26.430584,-17.96152,4,-1
816,32.591064,-6.7272205,9,-1
817,40.186806,3.621878,9,-1
818,-20.197788,43.84297,0,-1
819,49.72194,-28.700342,7,-1
820,10.761615,-15.721059,3,-1
821,2.1692588,46.975624,6,-1
822,-0.4485159,-28.567036,1,-1
823,-21.196075,-49.911816,2,-1
824,-21.675257,-33.264492,2,-1
825,13.985315,48.667576,6,-1
826,-3.4770286,-19.032927,1,-1
827,53.451218,7.428283,4,-1
828,-32.824165,65.568855,0,-1
829,-37.030186,-38.711555,2,-1
830,44.054085,5.4110107,4,-1
831,29.931252,-43.79824,7,-1
832,-56.027622,-36.29654,2,-1
833,32.704338,-24.079657,9,-1
834,-41.052765,-30.676243,2,-1
835,49.309414,23.113632,4,-1
836,-26.10894,49.507713,0,-1
837,-1.1565297,45.777325,6,-1
838,-20.412659,42.798397,0,-1
839,4.7041183,45.118385,6,-1
840,-51.52122,-9.917976,3,-1
841,-25.153036,5.1211476,8,-1
842,12.537829,51.749825,6,-1
843,-22.170305,65.28648,0,-1
844,38.585705,-44.75687,7,-1
845,57.793713,-32.344982,7,-1
846,53.29155,-26.919,7,-1
847,-46.695843,-41.51104,2,-1
848,-23.183668,-29.295038,2,-1
849,10.513777,-17.017025,2,-1
850,7.551154,47.880028,6,-1
851,-35.57254,50.767147,0,-1
852,7.8203683,-59.324608,4,-1
853,-0.85826063,-12.611989,1,-1
854,-38.173145,58.135956,0,-1
855,-0.8221261,-23.222471,1,-1
856,16.35336,44.15886,6,-1
857,-1.0495598,-15.673006,1,-1
858,-48.081524,17.124557,3,-1
859,2.4422233,-21.265852,1,-1
860,59.74798,-30.754608,7,-1
861,-24.471308,7.6932597,2,-1
862,-32.03825,58.896984,0,-1
863,54.726578,-27.432934,7,-1
864,-23.489223,-49.14215,2,-1
865,-51.38149,-40.63721,2,-1
866,6.7023606,2.20449,0,-1
867,-36.571537,47.662907,0,-1
868,62.155792,-34.156105,7,-1
869,55.51235,-27.280876,7,-1
870,-20.049915,-5.729853,8,-1
871,-51.005074,2.7189877,3,-1
872,-29.15984,57.031044,5,-1
873,-40.39945,4.1898284,3,-1
874,35.009678,-24.754532,9,-1
875,54.049957,-9.24617,9,-1
876,45.604076,-4.39775,4,-1
877,1.6101761,21.249226,8,-1
878,-26.817438,47.04873,0,-1
879,-24.115843,65.80523,0,-1
880,-32.587334,-0.76499426,3,-1
881,5.903386,-14.6732435,1,-1
882,-29.469852,12.372671,3,-1
883,-37.832016,-1.015976,0,-1
884,-25.202717,-44.35128,2,-1
885,3.8807476,58.295372,6,-1
886,28.915773,-8.468055,4,-1
887,-6.0473814,-53.375233,1,-1
888,54.104477,-31.004211,7,-1
889,58.115757,-2.5613818,4,-1
890,-19.908358,26.878578,5,-1
891,-26.12118,7.3285413,2,-1
892,14.729038,-43.97053,2,-1
893,-23.559431,27.511208,3,-1
894,2.2426593,-49.583,1,-1
895,5.0033793,-53.544983,7,-1
896,31.63511,4.079441,9,-1
897,-34.315266,65.60132,0,-1
898,-22.17368,-48.523632,2,-1
899,41.451576,14.223133,9,-1
900,0.7355517,51.697536,6,-1
901,-21.08917,-2.0776072,8,-1
902,2.7534864,-47.56346,1,-1
903,-34.807236,60.200226,0,-1
904,44.611378,15.972801,4,-1
905,-23.165745,54.809906,0,-1
906,-52.604332,4.4427304,3,-1
907,-37.887623,-34.022663,2,-1
908,33.948048,-4.4458623,9,-1
909,-7.2339115,2.1293945,3,-1
910,-27.423203,-49.58385,2,-1
911,-6.001605,-41.341328,4,-1
912,-31.368338,14.976362,3,-1
913,-27.749447,-40.647404,2,-1
914,-0.02316911,-16.710924,1,-1
915,40.812725,-48.126785,7,-1
916,-51.53805,0.9583548,3,-1
917,35.077484,-14.27319,4,-1
918,-4.320588,-15.795942,7,-1
919,32.919945,-28.019634,9,-1
920,-32.074837,-49.93819,2,-1
921,-46.31083,-39.404675,2,-1
922,13.174611,-44.026527,2,-1
923,-27.933943,50.52615,0,-1
924,5.5942864,9.969966,5,-1
925,-40.801754,7.1309547,3,-1
926,7.6777925,49.426537,6,-1
927,54.986202,-8.968255,9,-1
928,26.257235,-37.85231,9,-1
929,55.89868,15.798255,7,-1
930,1.0512372,-58.138966,1,-1
931,49.2792,12.04222,4,-1
932,-4.4418416,14.449132,5,-1
933,17.174452,43.980118,6,-1
934,-17.073017,-33.19958,2,-1
935,-27.79272,30.427383,5,-1
936,3.339658,-47.57091,1,-1
937,10.678089,57.87994,6,-1
938,-4.805474,-41.276997,1,-1
939,-43.53003,-38.67412,2,-1
940,-36.86904,18.606564,3,-1
941,9.262407,39.734093,6,-1
942,-23.737661,65.02929,0,-1
943,4.7124085,-41.292675,7,-1
944,-54.058537,1.3606861,3,-1
945,-28.170229,-47.618988,2,-1
946,-29.072987,56.904774,0,-1
947,-15.727195,4.2497087,8,-1
948,48.21811,-25.338684,7,-1
949,51.015236,5.272896,4,-1
950,65.3358,-33.656387,7,-1
951,3.1268027,-11.823975,1,-1
952,-41.78313,-36.147484,2,-1
953,40.63541,-44.410957,7,-1
954,0.5428914,-11.07616,1,-1
955,48.818817,21.876272,4,-1
956,53.190086,16.057997,7,-1
957,-2.021415,44.293125,6,-1
958,49.49379,9.907478,4,-1
959,15.895815,38.76223,6,-1
960,11.918149,48.480133,6,-1
961,-19.135767,25.894026,5,-1
962,-10.742262,-45.713287,1,-1
963,-12.093788,16.17811,5,-1
964,-35.22757,22.49655,5,-1
965,0.8597988,56.56253,6,-1
966,-49.727745,4.5420494,3,-1
967,39.85917,-38.679775,7,-1
968,40.994656,34.11979,0,-1
969,-1.9057338,-40.739216,1,-1
970,-3.216122,-29.889547,1,-1
971,-45.431244,-37.95978,2,-1
972,-33.117016,-13.18665,8,-1
973,0.7877686,-9.758041,1,-1
974,6.0599527,-35.99067,2,-1
975,1.5091413,51.331867,6,-1
976,23.10147,-7.446018,7,-1
977,-44.57452,-5.163269,3,-1
978,42.71169,-37.499695,7,-1
979,-8.2430315,-57.450424,2,-1
980,29.256342,-43.191532,7,-1
981,28.448116,11.230145,4,-1
982,28.441324,-45.09427,7,-1
983,51.255695,14.49711,9,-1
984,-24.913311,20.838673,5,-1
985,-4.830301,55.190563,3,-1
986,30.393484,14.919747,4,-1
987,29.609022,-35.579315,9,-1
988,37.883667,16.98031,4,-1
989,-52.365654,-1.022275,3,-1
990,-41.806553,53.134487,0,-1
991,-28.346052,52.17898,0,-1
992,1.711488,-51.51677,1,-1
993,-1.8874236,-26.25587,4,-1
994,-0.63904154,-25.272427,1,-1
995,38.734993,22.507132,5,-1
996,42.679436,31.451775,9,-1
997,3.2881427,-10.663563,1,-1
998,41.941505,9.881791,4,-1
999,-33.385456,14.806,3,-1
1000,-46.59504,-35.651047,2,-1
1001,58.741066,-35.95698,7,-1
1002,-4.8264804,-36.959255,1,-1
1003,51.785927,-13.30105,9,-1
1004,-31.538397,-12.807815,8,-1
1005,45.769417,-31.061995,7,-1
1006,-33.86784,2.355056,3,-1
1007,50.12381,-29.387814,3,-1
1008,-27.444818,-49.651657,2,-1
1009,-16.696577,27.603394,5,-1
1010,55.902573,-19.780396,7,-1
1011,53.121777,-10.798603,9,-1
1012,-25.450949,49.740417,0,-1
1013,-25.397533,-18.771147,8,-1
1014,-1.844796,-16.86834,1,-1
1015,28.060244,6.925044,9,-1
1016,26.861599,8.872763,7,-1
1017,0.34216022,20.345896,5,-1
1018,31.18413,-24.88696,9,-1
1019,25.533686,42.627033,6,-1
1020,2.0972197,6.035704,5,-1
1021,-27.97189,51.745636,0,-1
1022,50.82007,17.46688,9,-1
1023,-35.98783,-14.336071,8,-1
1024,-49.17866,-29.562498,2,-1
1025,7.33203,17.497375,5,-1
1026,-20.103899,52.761276,0,-1
1027,-40.642406,-1.7102817,3,-1
1028,6.835054,10.032565,5,-1
1029,-36.99453,-32.035114,2,-1
1030,-2.4189186,-15.693606,1,-1
1031,40.59878,7.647031,7,-1
1032,40.02975,-32.914165,2,-1
1033,28.034288,-37.0283,9,-1
1034,10.576222,51.26762,6,-1
1035,8.38719,14.552716,8,-1
1036,1.5045357,-24.64192,1,-1
1037,-34.300827,56.357803,0,-1
1038,-2.3454547,-43.49173,7,-1
1039,-41.398937,-44.952118,2,-1
1040,62.244564,-21.771517,9,-1
1041,11.897198,55.166702,6,-1
1042,41.33056,-43.610165,7,-1
1043,50.566082,-31.266842,7,-1
1044,-32.04131,8.135284,3,-1
1045,41.81401,13.375699,9,-1
1046,-19.553257,58.090744,0,-1
1047,-38.11911,27.452967,5,-1
1048,6.024301,-36.041252,2,-1
1049,-54.06176,7.474907,3,-1
1050,-23.821375,-12.392658,8,-1
1051,-42.17302,17.236177,3,-1
1052,40.334126,-48.19803,7,-1
1053,24.421267,-39.24242,4,-1
1054,-27.405434,-4.374774,8,-1
1055,55.761623,-24.632902,7,-1
1056,45.73936,20.339386,4,-1
1057,7.858792,13.905293,5,-1
1058,1.3827577,-10.200819,1,-1
1059,-6.39751,-44.52907,1,-1
1060,5.370818,1.2036084,0,-1
1061,7.249101,45.3432,6,-1
1062,50.544437,0.5534447,4,-1
1063,29.21136,45.865116,6,-1
1064,2.39494,-25.95705,4,-1
1065,-34.642826,16.376022,3,-1
1066,-24.16927,-17.192526,8,-1
1067,-22.82051,-14.336279,8,-1
1068,0.23705381,43.709007,6,-1
1069,40.021244,17.664204,4,-1
1070,41.74478,-1.0437515,4,-1
1071,-42.901814,28.770588,8,-1
1072,46.79453,3.781789,4,-1
1073,47.816753,22.542723,4,-1
1074,29.899818,-24.19855,9,-1
1075,2.8834023,-45.95538,1,-1
1076,-25.792328,-16.075165,8,-1
1077,-45.570778,-5.080112,3,-1
1078,48.00543,12.691255,4,-1
1079,25.230013,48.16282,6,-1
1080,4.5154004,56.047306,6,-1
1081,32.747223,-24.083775,9,-1
1082,-0.30489358,-8.978316,2,-1
1083,42.31705,19.153088,4,-1
1084,-21.51051,-2.4468863,8,-1
1085,-5.141392,-53.683308,1,-1
1086,11.530302,44.915886,6,-1
1087,17.49299,50.67639,6,-1
1088,44.792995,-15.447075,9,-1
1089,-37.42018,56.523235,0,-1
1090,-23.284523,-12.499495,8,-1
1091,9.593412,51.186718,6,-1
1092,37.7866,-42.80025,7,-1
1093,33.949944,8.487583,9,-1
1094,-49.367275,0.63517404,3,-1
1095,-0.3396829,-43.949306,1,-1
1096,-32.2903,45.39299,0,-1
1097,-34.73947,49.356384,0,-1
1098,16.90739,-32.645527,7,-1
1099,13.324891,-7.845564,8,-1
1100,40.556805,-22.891565,4,-1
1101,0.92496186,-41.923717,1,-1
1102,-16.475182,-28.457659,2,-1
1103,65.992714,-25.555662,7,-1
1104,4.4166574,13.779654,5,-1
1105,-34.707035,33.190548,5,-1
1106,-33.063583,6.316735,3,-1
1107,-1.1028591,-64.48267,1,-1
1108,16.40347,39.865032,6,-1
1109,-33.311695,18.229551,3,-1
1110,50.373936,22.492006,4,-1
1111,-34.380756,-47.71833,2,-1
1112,-28.314503,-14.985523,8,-1
1113,-38.54812,-44.817505,2,-1
1114,-32.45523,-0.43183377,3,-1
1115,-26.608137,44.81118,0,-1
1116,51.703335,-35.885914,7,-1
1117,-28.63917,-21.718292,8,-1
1118,-3.9262774,-18.186775,1,-1
1119,7.2510705,42.798985,6,-1
1120,42.34665,-8.468661,4,-1
1121,-23.404808,64.73005,0,-1
1122,30.949797,-24.317215,9,-1
1123,54.45776,-11.106304,9,-1
1124,31.320183,-7.88533,9,-1
1125,-28.139172,-17.625563,8,-1
1126,-4.2637568,-38.758812,1,-1
1127,-47.223618,15.586165,3,-1
1128,-25.409594,46.26012,0,-1
1129,-8.901531,21.28842,5,-1
1130,64.79265,-27.271797,7,-1
1131,37.65101,3.9260516,9,-1
1132,-25.981369,-39.2571,2,-1
1133,-31.489798,12.472977,3,-1
1134,42.091972,-42.6992,7,-1
1135,-24.061708,-49.52677,2,-1
1136,15.822998,39.31962,6,-1
1137,45.09035,13.9108,4,-1
1138,-41.857655,-0.7663147,3,-1
1139,-12.858929,-43.801556,1,-1
1140,51.341663,23.254559,4,-1
1141,-35.054985,57.28948,0,-1
1142,1.521505,54.526936,6,-1
1143,19.964314,-12.35466,7,-1
1144,-33.502186,69.99353,0,-1
1145,-22.70221,-6.684206,8,-1
1146,-27.419893,-42.1444,2,-1
1147,27.950706,8.94653,9,-1
1148,10.547265,37.56395,6,-1
1149,-1.0252714,40.6308,6,-1
1150,7.0102816,7.0818267,5,-1
1151,-23.754765,-3.0517116,8,-1
1152,46.149868,-25.883608,1,-1
1153,8.3064575,56.251186,6,-1
1154,-32.29641,58.82554,0,-1
1155,-32.224457,-11.257012,8,-1
1156,55.73957,7.2634635,4,-1
1157,10.075965,-30.484568,7,-1
1158,-35.577637,67.072525,0,-1
1159,4.175615,14.357193,5,-1
1160,25.734005,40.542576,6,-1
1161,1.5370176,-13.978748,1,-1
1162,44.589485,-16.562637,9,-1
1163,44.24246,28.959528,7,-1
1164,-47.061333,0.9007159,3,-1
1165,-37.05355,53.98528,0,-1
1166,31.916779,-31.233168,9,-1
1167,-5.557056,-40.219536,1,-1
1168,-19.952328,7.8708196,8,-1
1169,39.643887,-6.7045655,4,-1
1170,8.751805,41.069763,6,-1
1171,-31.324574,46.3018,0,-1
1172,40.558346,12.347739,9,-1
1173,40.345104,17.625822,4,-1
1174,34.01747,-4.147203,9,-1
1175,-2.7785327,-39.408577,1,-1
1176,22.200167,44.47702,6,-1
1177,45.751915,24.403948,9,-1
1178,31.009262,12.672416,4,-1
1179,33.529427,3.8454182,9,-1
1180,-31.41828,-34.57752,2,-1
1181,-17.537882,-6.9957004,8,-1
1182,-46.55566,-37.796745,2,-1
1183,-1.6036855,-44.91366,1,-1
1184,36.616543,-39.914307,7,-1
1185,10.437466,-32.00977,2,-1
1186,59.921383,-30.480951,7,-1
1187,-4.2258096,-39.932255,1,-1
1188,-29.503462,-15.154831,8,-1
1189,45.180187,4.5890813,4,-1
1190,-40.962425,18.535566,3,-1
1191,-2.8145835,-34.632637,1,-1
1192,-0.4836895,-15.1531315,1,-1
1193,-30.461601,-10.708878,8,-1
1194,65.11842,-34.570766,7,-1
1195,29.862156,-5.761288,9,-1
1196,27.79747,-34.714664,9,-1
1197,7.5150137,13.796021,5,-1
1198,36.541447,-41.318565,7,-1
1199,43.676487,12.749894,4,-1
1200,4.067961,-14.807201,1,-1
1201,-43.03075,5.802511,3,-1
1202,-38.210773,27.323206,5,-1
1203,49.813118,26.814068,4,-1
1204,46.754375,14.234371,4,-1
1205,-43.736546,-7.244649,3,-1
1206,-19.046663,53.98202,0,-1
1207,22.62634,-24.641157,8,-1
1208,-1.9250995,-29.172298,1,-1
1209,-40.714508,54.04258,0,-1
1210,-29.605846,66.889786,0,-1
1211,-34.22096,25.53065,5,-1
1212,1.4924595,-60.83206,1,-1
1213,5.614852,1.2973704,0,-1
1214,29.249775,9.192931,9,-1
1215,-31.012632,-8.370217,8,-1
1216,49.885124,-11.011377,9,-1
1217,46.817875,24.716341,9,-1
1218,-36.51938,4.5928144,5,-1
1219,-14.901962,-5.229973,8,-1
1220,-8.109754,25.220663,5,-1
1221,25.307022,-1.5690875,4,-1
1222,35.903915,-15.903445,4,-1
1223,17.645247,50.818897,6,-1
1224,-19.610456,4.359757,8,-1
1225,-34.03301,65.63405,0,-1
1226,6.7862544,55.798042,6,-1
1227,-1.967676,-58.952057,1,-1
1228,-30.814709,-47.497246,2,-1
1229,46.882824,17.28569,4,-1
1230,-23.52143,22.97947,5,-1
1231,16.402634,-30.420532,7,-1
1232,66.64594,-31.572283,7,-1
1233,-10.749113,8.860381,5,-1
1234,56.74538,-34.62926,7,-1
1235,-27.46435,50.14178,0,-1
1236,-4.572387,-32.580116,1,-1
1237,47.2628,28.645622,4,-1
1238,-10.708651,-38.185966,6,-1
1239,-35.7685,68.01122,0,-1
1240,-2.9732969,-64.20145,1,-1
1241,-6.2668195,3.4565327,3,-1
1242,-40.023506,-3.901332,3,-1
1243,-19.166828,2.9599373,8,-1
1244,-10.751125,18.522318,5,-1
1245,-33.399548,53.64741,0,-1
1246,17.787516,45.310745,6,-1
1247,-9.4791155,-18.949564,2,-1
1248,22.113564,47.227333,6,-1
1249,-32.257465,8.18444,3,-1
1250,68.557274,-31.918892,7,-1
1251,50.223167,-23.957064,7,-1
1252,3.7344174,-48.224285,1,-1
1253,-22.69048,26.94902,3,-1
1254,-40.09574,15.420237,3,-1
1255,-25.168547,65.58626,0,-1
1256,-48.621,4.9241934,3,-1
1257,12.750415,54.94856,6,-1
1258,10.849123,36.0468,6,-1
1259,46.612946,21.327934,4,-1
1260,-45.347992,-14.620065,2,-1
1261,53.200813,20.363398,4,-1
1262,-21.806551,-14.020934,8,-1
1263,15.998775,40.272877,6,-1
1264,-25.708038,1.023419,3,-1
1265,-5.2326303,-57.28791,1,-1
1266,-37.30644,-41.220703,2,-1
1267,26.07119,-18.172968,4,-1
1268,-2.2603536,6.8980293,5,-1
1269,-53.7999,-38.12796,2,-1
1270,49.056366,-19.110264,7,-1
1271,-11.870833,30.943094,5,-1
1272,-39.462257,24.78398,9,-1
1273,5.245627,4.3833046,5,-1
1274,-40.9456,54.527763,0,-1
1275,22.001917,45.93161,6,-1
1276,0.4562295,-54.001633,1,-1
1277,28.833813,-27.655298,9,-1
1278,26.50113,-37.10014,9,-1
1279,1.5148826,-42.797337,1,-1
1280,7.2298803,5.1487923,5,-1
1281,-54.9301,-33.871723,2,-1
1282,58.14335,-2.9628665,4,-1
1283,27.759712,1.063243,4,-1
1284,-1.2451084,51.98832,6,-1
1285,-28.33153,46.359505,0,-1
1286,-13.038577,39.60858,2,-1
1287,15.972477,46.74022,6,-1
1288,-24.324839,20.758266,3,-1
1289,-19.302162,-42.730713,2,-1
1290,43.051655,-2.8772974,4,-1
1291,-51.311825,3.6835306,3,-1
1292,-23.364338,69.31466,0,-1
1293,-51.78688,-40.557148,2,-1
1294,0.11656683,-42.51731,1,-1
1295,32.848385,1.7487055,9,-1
1296,-3.3102725,-61.393585,1,-1
1297,-28.349728,52.37467,0,-1
1298,47.37417,-36.220036,9,-1
1299,-28.11489,64.62567,0,-1
1300,-15.947347,-23.576178,3,-1
1301,44.153877,-33.74893,7,-1
1302,29.86622,-4.3142366,9,-1
1303,0.2769178,20.147451,5,-1
1304,8.251563,5.836335,5,-1
1305,-34.64679,48.86357,0,-1
1306,38.717762,-41.72309,7,-1
1307,-38.363018,52.105797,0,-1
1308,58.27938,-38.554504,2,-1
1309,42.295403,-40.632423,7,-1
1310,-16.4354,15.3089905,5,-1
1311,-34.36589,-47.098236,2,-1
1312,-4.590632,-30.495584,1,-1
1313,43.77315,27.850533,4,-1
1314,0.9603411,10.335161,5,-1
1315,10.05082,55.59631,6,-1
1316,-41.542553,-43.418274,2,-1
1317,-28.60421,14.594905,3,-1
1318,-4.762075,-19.93267,1,-1
1319,13.376326,-50.026566,7,-1
1320,26.206024,-0.84964836,4,-1
1321,43.812298,-31.957401,7,-1
1322,-24.925852,-2.1953213,8,-1
1323,25.102423,-4.167777,4,-1
1324,40.19531,34.1227,0,-1
1325,-36.68921,-35.73351,2,-1
1326,0.4607996,-30.543333,1,-1
1327,9.379563,45.25997,6,-1
1328,-44.309456,-2.5186145,3,-1
1329,-0.39279938,46.588387,6,-1
1330,-30.86917,50.734318,0,-1
1331,-0.087503426,-40.255695,1,-1
1332,20.199215,16.088959,3,-1
1333,-27.601412,-33.376205,2,-1
1334,11.040285,36.052055,6,-1
1335,38.074978,19.606842,9,-1
1336,42.39041,-8.456069,4,-1
1337,11.039054,-41.16809,2,-1
1338,1.8112217,7.736045,5,-1
1339,-21.433296,71.54498,8,-1
1340,61.380512,-23.175913,7,-1
1341,-36.699287,-35.833134,2,-1
1342,-6.577847,-25.129463,1,-1
1343,-43.560993,-1.3654958,3,-1
1344,38.705173,-17.824493,4,-1
1345,25.111795,-4.248532,4,-1
1346,11.434856,47.18073,6,-1
1347,-26.051561,10.182817,5,-1
1348,-26.266235,63.9349,0,-1
1349,51.67793,-26.407887,7,-1
1350,-21.185564,-18.755077,8,-1
1351,41.301018,-41.408813,7,-1
1352,-0.5395567,-36.365524,9,-1
1353,-22.540373,52.13989,0,-1
1354,1.3550788,4.5234046,5,-1
1355,-11.977683,21.083979,5,-1
1356,-1.1578208,-15.474746,1,-1
1357,5.7435455,-46.95803,4,-1
1358,45.9193,-37.40228,7,-1
1359,-16.433584,-0.041669983,8,-1
1360,31.37882,-31.691883,9,-1
1361,41.993282,-4.5819836,4,-1
1362,-7.406997,-46.916744,1,-1
1363,51.371582,-5.9129057,9,-1
1364,-8.78709,21.047655,5,-1
1365,1.8110306,-12.002727,1,-1
1366,2.744573,11.9655485,5,-1
1367,-12.4978895,39.79863,2,-1
1368,-27.39851,-4.358425,8,-1
1369,-49.891655,-9.286795,3,-1
1370,48.471638,-32.427544,7,-1
1371,11.271782,39.482178,6,-1
1372,29.587416,-4.912466,9,-1
1373,38.30152,-19.095808,4,-1
1374,-43.384327,58.38503,0,-1
1375,-50.916527,-8.118332,3,-1
1376,-34.862873,16.616182,3,-1
1377,53.946205,-25.47031,7,-1
1378,-23.937685,2.83979,8,-1
1379,-39.123295,54.94957,0,-1
1380,27.169397,-37.830746,9,-1
1381,40.291912,34.14882,0,-1
1382,17.170588,-24.668825,8,-1
1383,-27.145432,62.654152,0,-1
1384,-29.79646,-16.211195,8,-1
1385,-18.410753,25.146004,5,-1
1386,-31.67729,-21.680424,8,-1
1387,36.739033,13.677023,7,-1
1388,24.379295,-29.311129,7,-1
1389,-0.42326346,-11.60496,1,-1
1390,4.1647053,51.729828,6,-1
1391,1.6860093,-29.54517,1,-1
1392,10.691915,57.83646,6,-1
1393,66.61093,-27.59029,7,-1
1394,3.6082678,-20.223572,1,-1
1395,0.19635844,-27.995852,1,-1
1396,-5.7624435,-28.529125,8,-1
1397,-40.668037,50.41243,0,-1
1398,7.2824154,15.10892,5,-1
1399,48.765434,-1.1753888,4,-1
1400,51.765114,27.498701,4,-1
1401,-41.89365,11.620851,3,-1
1402,6.6846757,53.097378,6,-1
1403,1.9821472,35.848324,6,-1
1404,48.357616,0.7275712,4,-1
1405,47.263355,-2.4327466,4,-1
1406,10.109905,9.692151,5,-1
1407,-31.420837,-17.641806,8,-1
1408,-25.365286,62.467453,0,-1
1409,40.659756,19.697556,4,-1
1410,35.189976,6.880668,9,-1
1411,48.857796,-35.5904,7,-1
1412,-19.85462,67.288,0,-1
1413,39.93795,-38.205784,7,-1
1414,36.447205,-17.420794,4,-1
1415,30.84064,-25.662277,9,-1
1416,29.415916,-22.823792,9,-1
1417,28.866442,-7.075865,9,-1
1418,-1.9172448,-27.19475,1,-1
1419,-19.33727,-4.620002,8,-1
1420,-41.09831,7.9967947,3,-1
1421,41.40706,24.06464,9,-1
1422,17.255728,-17.53224,3,-1
1423,-5.088261,-42.91307,1,-1
1424,-42.910664,54.261105,0,-1
1425,32.839554,-1.3018093,9,-1
1426,-41.52487,15.322995,3,-1
1427,48.696636,-41.860504,7,-1
1428,-17.219036,7.3540535,8,-1
1429,18.465351,-17.578987,7,-1
1430,57.520576,-13.777602,9,-1
1431,-50.88174,-34.40159,2,-1
1432,-39.601288,2.1989412,3,-1
1433,-43.15326,20.009523,5,-1
1434,-5.588241,-58.17334,1,-1
1435,-16.664518,-33.29985,2,-1
1436,50.924892,27.434187,4,-1
1437,11.037091,5.3907123,5,-1
1438,29.315258,-42.90304,7,-1
1439,52.31737,-38.96219,7,-1
1440,41.637337,-6.811988,4,-1
1441,0.4438907,-26.153496,1,-1
1442,-50.68366,-33.274323,2,-1
1443,50.899178,23.713984,4,-1
1444,6.1867,-29.379719,7,-1
1445,56.228954,-32.220577,7,-1
1446,32.40149,-22.242136,9,-1
1447,-37.128872,-32.4129,2,-1
1448,43.962082,4.303963,4,-1
1449,30.199425,-29.443287,9,-1
1450,-34.11051,69.5954,0,-1
1451,21.318012,42.89158,6,-1
1452,-30.814835,-2.5758624,8,-1
1453,38.79113,-1.4202727,4,-1
1454,31.219364,6.950003,4,-1
1455,-25.540607,60.847065,0,-1
1456,-1.70037,-54.809517,1,-1
1457,37.696503,6.1415544,9,-1
1458,-31.500233,50.138443,0,-1
1459,54.614388,-26.192728,7,-1
1460,56.56538,-9.48132,9,-1
1461,36.289288,-24.765053,9,-1
1462,-20.297915,25.278538,5,-1
1463,-49.448345,-38.669476,2,-1
1464,53.011322,27.507387,4,-1
1465,3.7497618,11.913374,5,-1
1466,37.38107,-23.948158,9,-1
1467,-18.02354,6.099397,8,-1
1468,56.726307,-9.39109,9,-1
1469,-7.0644817,2.3990114,3,-1
1470,35.502666,18.986057,9,-1
1471,48.77742,-44.931656,7,-1
1472,54.752308,-26.02077,7,-1
1473,6.935391,15.00625,5,-1
1474,10.588079,50.65617,6,-1
1475,-50.56001,4.116526,3,-1
1476,49.52523,-26.414104,7,-1
1477,49.00751,-18.883455,7,-1
1478,15.489342,42.032703,6,-1
1479,-47.30536,4.209366,3,-1
1480,-2.4276237,-16.408964,1,-1
1481,9.113914,-20.93724,2,-1
1482,29.173494,-34.402985,9,-1
1483,-12.41126,-43.077995,1,-1
1484,-34.133606,9.342014,3,-1
1485,-2.7504997,6.476618,5,-1
1486,-52.118965,-1.8702627,3,-1
1487,23.713285,47.893024,6,-1
1488,38.61651,-8.387431,4,-1
1489,-23.7845,70.46631,0,-1
1490,-20.660831,-14.796546,8,-1
1491,-10.536901,15.903059,5,-1
1492,44.18357,-15.983794,9,-1
1493,-7.5519595,-23.835556,1,-1
1494,38.993256,-16.175056,4,-1
1495,47.59137,-45.383324,7,-1
1496,-23.04642,66.892136,0,-1
1497,44.25693,22.7822,9,-1
1498,-28.573885,-14.2432785,8,-1
1499,-27.093618,-44.83115,2,-1
1500,16.511232,46.69267,6,-1
1501,-18.383162,-11.9711,8,-1
1502,-27.839966,29.151777,5,-1
1503,28.175858,-42.32156,7,-1
1504,37.298664,-7.0969877,4,-1
1505,11.164204,49.586727,6,-1
1506,-26.397915,-39.473602,2,-1
1507,-45.494057,-14.529085,2,-1
1508,1.8571926,-19.420425,1,-1
1509,19.403585,50.858303,6,-1
1510,-5.010311,-24.411566,1,-1
1511,2.192872,-8.5026455,1,-1
1512,36.587605,16.40974,4,-1
1513,5.4954796,-58.9008,4,-1
1514,0.506484,3.109701,3,-1
1515,49.819225,7.9101257,4,-1
1516,-25.599403,55.301384,0,-1
1517,-15.776544,-2.5445926,8,-1
1518,53.53436,-29.12927,7,-1
1519,-32.30157,-18.98282,8,-1
1520,31.690168,-10.820187,9,-1
1521,-41.67624,12.261922,3,-1
1522,-2.31864,-29.469234,1,-1
1523,-35.65137,51.52199,0,-1
1524,5.0146046,-17.935207,8,-1
1525,-12.265151,-36.728546,6,-1
1526,36.107666,-31.278408,4,-1
1527,34.920532,10.547951,4,-1
1528,52.490032,6.232111,4,-1
1529,38.291286,-43.27004,7,-1
1530,11.142602,-41.3125,2,-1
1531,38.898182,-38.896866,7,-1
1532,-34.937096,20.788008,3,-1
1533,66.10337,-25.238358,7,-1
1534,-32.441345,-0.1976277,3,-1
1535,39.19824,-6.1377325,4,-1
1536,-14.937861,-5.2386227,8,-1
1537,37.216366,3.9522965,9,-1
1538,-38.020298,36.954815,5,-1
1539,-40.11586,-33.900475,2,-1
1540,-27.19722,-9.095103,8,-1
1541,25.746778,-36.962994,9,-1
1542,0.09839643,-47.857628,1,-1
1543,4.2338824,47.64743,6,-1
1544,48.57082,0.29449242,4,-1
1545,0.46080428,6.6691794,5,-1
1546,46.74712,28.716887,4,-1
1547,58.658295,0.89110804,4,-1
1548,1.7166654,-42.04496,1,-1
1549,-15.856321,-1.4160589,8,-1
1550,6.4999576,12.707502,5,-1
1551,-43.762398,-41.24237,2,-1
1552,48.912228,-29.950535,7,-1
1553,-31.343359,16.371923,3,-1
1554,49.685493,-30.64789,7,-1
1555,17.109812,43.561684,6,-1
1556,33.290356,4.0400577,9,-1
1557,-50.342155,8.339717,3,-1
1558,-13.913024,-1.2585876,8,-1
1559,-39.118896,28.037766,5,-1
1560,-32.83477,46.599464,0,-1
1561,29.369192,-30.198696,9,-1
1562,9.673305,47.20783,6,-1
1563,-27.262701,53.35207,0,-1
1564,49.21919,-9.488865,9,-1
1565,-43.052414,56.385998,0,-1
1566,-20.325077,-37.305737,2,-1
1567,-23.672369,48.89078,0,-1
1568,19.765324,-7.890095,4,-1
1569,51.299446,-33.65247,2,-1
1570,-34.527557,54.77484,0,-1
1571,-16.308393,-33.295074,2,-1
1572,10.71544,-51.271225,7,-1
1573,-42.51844,59.28958,0,-1
1574,-23.676239,48.980865,0,-1
1575,32.697556,7.9252253,9,-1
1576,-4.6952963,-56.116676,1,-1
1577,-26.208124,-11.028013,8,-1
1578,36.774036,-15.5589,4,-1
1579,-35.76586,-36.710274,2,-1
1580,0.7865283,54.54957,6,-1
1581,17.351439,46.25067,6,-1
1582,-35.702824,67.99558,0,-1
1583,1.6816976,-43.090034,1,-1
1584,-35.41472,22.446222,5,-1
1585,-44.94852,-32.434418,3,-1
1586,-16.017595,10.957909,5,-1
1587,-46.915676,-39.034756,2,-1
1588,-45.883266,4.291395,3,-1
1589,-17.860703,-22.214603,8,-1
1590,39.006367,-19.812601,4,-1
1591,-29.808182,28.586218,9,-1
1592,-35.949223,-39.20984,2,-1
1593,-7.9609,-47.023506,1,-1
1594,-11.92055,-54.760525,2,-1
1595,-37.6083,11.906764,3,-1
1596,-37.645966,8.202815,3,-1
1597,62.216125,-35.767467,7,-1
1598,0.33188078,53.857296,6,-1
1599,-14.46408,40.57683,0,-1
1600,39.828823,-32.819572,2,-1
1601,60.701473,-33.209602,7,-1
1602,6.5598083,53.60244,6,-1
1603,-16.576422,6.0333414,8,-1
1604,-2.1116996,-38.87363,1,-1
1605,56.61679,-0.5938275,4,-1
1606,-6.2027917,26.214222,5,-1
1607,13.201141,38.177803,6,-1
1608,41.312126,-41.40769,7,-1
1609,-31.009775,24.856497,3,-1
1610,34.454227,11.041148,9,-1
1611,48.69795,-4.085269,4,-1
1612,52.59072,17.142454,7,-1
1613,55.736176,0.33007854,4,-1
1614,32.532364,11.542986,9,-1
1615,-18.486372,-41.98508,2,-1
1616,-27.82393,-13.524349,8,-1
1617,41.34819,-12.757753,4,-1
1618,6.294767,49.131763,6,-1
1619,-17.14881,27.124395,5,-1
1620,-20.46036,23.797012,5,-1
1621,47.011555,15.960372,9,-1
1622,55.618095,-25.79975,7,-1
1623,30.831102,-47.335114,7,-1
1624,-44.174004,15.588552,3,-1
1625,-46.27704,-36.69021,2,-1
1626,17.427652,-33.130684,7,-1
1627,-28.167507,61.833115,0,-1
1628,13.595607,-37.163277,2,-1
1629,37.98657,-15.015134,4,-1
1630,-27.01409,43.809273,2,-1
1631,43.509377,19.115925,4,-1
1632,-32.819542,23.77045,3,-1
1633,23.16496,-7.1803346,7,-1
1634,-30.773314,-46.078133,2,-1
1635,-32.143284,49.448647,0,-1
1636,52.198692,-11.477079,9,-1
1637,32.5383,-30.188164,9,-1
1638,-40.6255,48.33549,0,-1
1639,43.672794,14.956343,4,-1
1640,-52.195557,-39.43034,2,-1
1641,-51.939335,-37.24648,2,-1
1642,21.115646,52.793713,6,-1
1643,49.79079,24.5816,4,-1
1644,3.9085088,34.901768,6,-1
1645,-23.040031,-31.989367,2,-1
1646,7.656996,37.404686,6,-1
1647,-7.8185635,-51.492336,1,-1
1648,-0.93715245,-17.100822,1,-1
1649,-50.903015,-40.188965,2,-1
1650,34.315006,3.9891202,9,-1
1651,45.072254,9.757863,4,-1
1652,-19.673464,50.13686,0,-1
1653,53.324955,-22.791153,7,-1
1654,22.394983,41.087975,6,-1
1655,-2.420752,-36.997715,1,-1
1656,-44.00811,-2.7636414,3,-1
1657,-53.651962,1.254575,3,-1
1658,-2.0147595,-20.936434,1,-1
1659,30.24145,-26.006647,9,-1
1660,0.32635215,53.58319,6,-1
1661,2.0248141,-7.3844934,1,-1
1662,48.640247,9.966046,4,-1
1663,37.506504,-18.374403,4,-1
1664,-1.3529903,5.6387463,5,-1
1665,-5.7287507,-55.199265,1,-1
1666,-3.2206259,55.51366,6,-1
1667,-44.640385,16.884884,3,-1
1668,48.98547,-3.4676454,4,-1
1669,-21.19499,-38.961655,2,-1
1670,46.226868,13.682178,4,-1
1671,-40.40263,54.740795,0,-1
1672,-26.79662,-34.181656,2,-1
1673,-32.470577,23.305925,3,-1
1674,-3.5897276,-61.525887,1,-1
1675,11.797749,-23.080854,2,-1
1676,-2.6319585,-28.351076,1,-1
1677,0.50363106,-57.331768,1,-1
1678,-44.40784,-3.8608844,3,-1
1679,-32.188835,13.975122,3,-1
1680,36.897526,-20.867441,4,-1
1681,-34.027397,-10.858113,8,-1
1682,-48.78681,2.622224,3,-1
1683,46.69305,2.6638172,4,-1
1684,-25.611393,19.957748,3,-1
1685,-23.855669,58.44565,0,-1
1686,45.17688,-30.891052,7,-1
1687,56.38688,-18.823036,7,-1
1688,47.271343,-2.4618516,4,-1
1689,45.39702,-13.840765,9,-1
1690,14.879682,53.053036,6,-1
1691,-0.2030633,-59.063866,1,-1
1692,17.68931,7.251962,7,-1
1693,26.186316,-18.098564,4,-1
1694,13.652051,45.865913,6,-1
1695,-22.833153,68.61725,0,-1
1696,-0.521273,-62.017967,1,-1
1697,-27.845757,66.69816,0,-1
1698,-24.07463,66.55648,0,-1
1699,-45.486557,-5.371824,3,-1
1700,47.489635,-5.3484564,4,-1
1701,20.846834,14.949937,3,-1
1702,38.277336,35.73978,6,-1
1703,-2.7864242,-32.253094,1,-1
1704,5.9315724,9.102885,5,-1
1705,-27.603138,56.053772,0,-1
1706,-1.136443,-23.339523,1,-1
1707,-9.460263,-18.954111,2,-1
1708,-2.5808854,20.137398,5,-1
1709,28.765331,1.2864696,4,-1
1710,-47.67046,9.643092,3,-1
1711,-19.563517,-14.8418455,8,-1
1712,-23.285666,-49.141605,2,-1
1713,44.518997,-28.829844,7,-1
1714,-44.791893,-33.33708,2,-1
1715,44.64004,16.581411,4,-1
1716,31.998457,1.1315393,9,-1
1717,38.110878,-17.606281,4,-1
1718,-22.369703,-46.255943,2,-1
1719,-1.4382455,7.056232,5,-1
1720,23.97934,7.88352,5,-1
1721,37.15046,-45.49693,7,-1
1722,-19.530283,28.669065,5,-1
1723,-52.72569,10.774041,3,-1
1724,-3.1899636,5.0219893,3,-1
1725,22.876047,52.134922,6,-1
1726,-31.193045,8.004689,3,-1
1727,-39.812016,-35.542736,2,-1
1728,7.2717266,41.225758,6,-1
1729,-10.797225,17.793764,5,-1
1730,-51.00959,-38.578003,2,-1
1731,64.06875,-28.882162,7,-1
1732,-15.387906,6.5952353,8,-1
1733,-22.068724,67.25429,0,-1
1734,51.82893,22.292217,4,-1
1735,62.05282,-34.727585,7,-1
1736,17.97912,47.79011,6,-1
1737,62.488495,-24.790596,7,-1
1738,-53.943165,-38.25137,2,-1
1739,-39.51574,14.771228,3,-1
1740,57.96953,-1.9529612,4,-1
1741,33.84681,8.322547,9,-1
1742,-17.948154,-22.77037,8,-1
1743,-16.77269,6.375899,8,-1
1744,-25.472904,-22.123735,8,-1
1745,38.42218,22.627941,5,-1
1746,-31.779022,11.061741,3,-1
1747,27.711403,1.3198448,4,-1
1748,36.094498,-43.813484,7,-1
1749,-31.111498,15.738186,3,-1
1750,-18.480865,55.018204,0,-1
1751,0.6810234,10.772662,5,-1
1752,-36.34482,5.148615,3,-1
1753,39.926514,-5.145826,4,-1
1754,26.947842,43.697197,6,-1
1755,60.901447,-35.540802,7,-1
1756,-24.765524,24.752878,5,-1
1757,53.803223,-2.4608052,4,-1
1758,-43.133,17.588293,3,-1
1759,-20.279427,28.741823,5,-1
1760,2.9369092,-13.756122,1,-1
1761,-18.947283,55.397182,0,-1
1762,-34.106087,8.031292,3,-1
1763,12.288646,34.97161,5,-1
1764,-31.037798,47.032665,0,-1
1765,7.757499,39.869713,6,-1
1766,2.170887,-21.511463,1,-1
1767,-5.429222,-59.05469,1,-1
1768,34.522865,1.8049691,9,-1
1769,9.995415,37.755363,6,-1
1770,-33.075054,-48.519093,2,-1
1771,-22.917946,13.244752,9,-1
1772,-4.04044,12.177712,5,-1
1773,42.932487,29.69593,7,-1
1774,-4.143623,-51.87962,1,-1
1775,1.4660015,5.351227,5,-1
1776,46.46443,-37.51441,7,-1
1777,15.789126,40.586174,6,-1
1778,-7.446176,-20.98287,3,-1
1779,-30.472525,1.2306745,3,-1
1780,-1.8992498,-29.725765,1,-1
1781,-27.286465,-44.919315,2,-1
1782,12.007111,37.86582,6,-1
1783,-17.57962,-7.2027583,8,-1
1784,46.2468,27.369816,9,-1
1785,62.4627,-18.560848,4,-1
1786,0.71822864,-21.63725,1,-1
1787,56.566166,-22.541954,7,-1
1788,0.9455582,14.278245,5,-1
1789,-4.179354,-23.284681,1,-1
1790,56.79883,-19.722866,7,-1
1791,0.71042943,48.316727,6,-1
1792,-30.081715,12.69537,3,-1
1793,-39.494583,15.294103,3,-1
1794,-46.291447,6.8609543,3,-1
1795,-38.501583,62.566376,0,-1
1796,45.64677,18.348883,4,-1
1797,45.339256,-14.946322,9,-1
1798,-33.288006,31.572533,5,-1
1799,-3.6568863,-19.580032,1,-1
1800,33.463852,-18.153934,4,-1
1801,27.909513,3.1703677,4,-1
1802,56.751842,-23.880646,7,-1
1803,5.980705,7.5663285,5,-1
1804,26.117304,48.5313,6,-1
1805,-31.956808,12.735006,3,-1
1806,49.502613,25.076254,4,-1
1807,7.1960506,41.699696,6,-1
1808,-22.132692,-16.178926,8,-1
1809,-5.8451905,-30.691713,1,-1
1810,-40.923244,57.17261,0,-1
1811,-23.048485,13.379444,9,-1
1812,-16.080038,16.853807,5,-1
1813,67.74364,-30.934145,7,-1
1814,-27.261864,25.260736,5,-1
1815,-28.058998,20.263094,3,-1
1816,-28.013472,-6.1383886,8,-1
1817,-15.162933,0.0118460115,8,-1
1818,-5.3868775,-31.012438,1,-1
1819,-0.9210678,-52.62905,1,-1
1820,47.6975,-42.468895,7,-1
1821,38.73784,-1.5725871,4,-1
1822,-20.858198,-4.2660966,8,-1
1823,4.1880684,6.3461924,5,-1
1824,19.586018,-17.684458,2,-1
1825,25.959917,-26.474531,9,-1
1826,30.979588,7.7610993,4,-1
1827,27.191532,-12.1865835,9,-1
1828,-23.32826,-47.848396,2,-1
1829,-35.754177,10.416515,3,-1
1830,-6.925803,-24.79241,1,-1
1831,-40.68585,-33.238476,2,-1
1832,2.3318787,-18.749472,1,-1
1833,2.7603245,-22.658844,6,-1
1834,-6.210323,-33.008003,1,-1
1835,44.744007,1.0043584,4,-1
1836,-42.955658,58.476173,0,-1
1837,2.7292933,50.902973,6,-1
1838,-3.3013597,-44.82551,1,-1
1839,-28.16804,-10.4142275,8,-1
1840,4.5984964,55.94505,6,-1
1841,-14.716836,7.056581,8,-1
1842,48.51645,-4.5925226,4,-1
1843,-7.008005,-48.884426,1,-1
1844,0.9494366,-28.605654,1,-1
1845,-19.12637,53.061634,0,-1
1846,3.3337502,-43.899265,7,-1
1847,-49.903927,0.6443238,3,-1
1848,-35.824783,17.435404,3,-1
1849,-42.12745,52.55382,0,-1
1850,58.69062,-27.229977,7,-1
1851,-39.91712,13.401282,3,-1
1852,49.37707,-11.213788,9,-1
1853,-14.8604,19.517088,5,-1
1854,-1.404648,-31.138891,1,-1
1855,52.731285,4.8969812,4,-1
1856,-0.30248067,52.364674,6,-1
1857,2.8156438,-16.418453,1,-1
1858,36.846825,-43.81657,7,-1
1859,-18.964506,42.879166,0,-1
1860,-31.871511,19.326977,3,-1
1861,-37.64095,0.101419576,3,-1
1862,-20.269028,-32.559723,2,-1
1863,-31.976437,19.363924,3,-1
1864,18.644943,49.6643,6,-1
1865,-22.454294,-8.12063,8,-1
1866,-53.73196,-36.860146,2,-1
1867,43.997967,18.510582,4,-1
1868,10.638249,41.845634,6,-1
1869,-33.79677,51.5855,0,-1
1870,36.055004,3.2786503,9,-1
1871,54.36785,-21.659277,7,-1
1872,-30.093746,58.898853,0,-1
1873,-2.6538405,-33.92905,1,-1
1874,12.885005,40.668255,5,-1
1875,-0.9541695,-60.64457,1,-1
1876,-37.19528,49.876747,0,-1
1877,2.2040854,-5.9800544,8,-1
1878,-30.781061,-41.98269,2,-1
1879,-21.665943,-2.3553298,8,-1
1880,-5.599097,-38.76709,1,-1
1881,60.40217,-26.37859,7,-1
1882,31.18673,-10.278309,9,-1
1883,57.07704,-40.6594,2,-1
1884,20.824911,43.23751,6,-1
1885,-40.516624,52.21206,0,-1
1886,-41.966965,-36.135643,2,-1
1887,-3.6878996,23.502466,5,-1
1888,39.085663,-16.17587,4,-1
1889,-18.630873,10.852586,5,-1
1890,38.283768,-46.323788,7,-1
1891,-22.8597,-39.50855,2,-1
1892,-4.29411,-27.13158,1,-1
1893,0.04153852,11.16163,5,-1
1894,50.231552,-24.350994,7,-1
1895,27.024818,-9.554643,9,-1
1896,35.40918,-17.203146,4,-1
1897,-3.7705395,-28.875868,1,-1
1898,49.65037,19.511154,4,-1
1899,-25.31401,45.42701,0,-1
1900,12.823083,-50.401,2,-1
1901,-26.839573,-34.02321,2,-1
1902,13.943581,54.30269,6,-1
1903,-6.241741,-16.481659,5,-1
1904,-2.1530583,-15.661633,1,-1
1905,44.122375,18.785034,4,-1
1906,7.418362,8.789977,5,-1
1907,-42.108936,10.288033,3,-1
1908,-26.923664,64.7644,0,-1
1909,-24.880428,-5.464081,8,-1
1910,-6.3580346,-56.56841,1,-1
1911,-35.026615,1.7517108,3,-1
1912,29.621943,-27.191004,9,-1
1913,-46.39524,17.273808,3,-1
1914,63.27198,-23.8739,7,-1
1915,-42.054543,54.07787,0,-1
1916,-41.44646,19.244549,3,-1
1917,-41.190487,9.761685,3,-1
1918,3.7749207,41.44107,6,-1
1919,-47.295246,-43.69755,2,-1
1920,-18.870338,17.13308,3,-1
1921,-22.368214,-32.975452,2,-1
1922,53.2653,-30.674473,7,-1
1923,-1.2610936,-16.209213,1,-1
1924,50.899284,-27.09706,7,-1
1925,-12.950033,-41.061516,0,-1
1926,25.855381,40.631844,6,-1
1927,49.131702,16.88142,9,-1
1928,-3.8037436,-56.67908,1,-1
1929,-6.1868854,-18.405077,1,-1
1930,-21.640665,63.072132,0,-1
1931,45.634197,-9.511344,8,-1
1932,-46.214535,-35.43271,2,-1
1933,-43.40221,16.823431,3,-1
1934,-17.827969,-21.12909,8,-1
1935,-43.160732,-41.430626,2,-1
1936,-2.1915991,-37.541622,1,-1
1937,-22.464565,-7.989166,8,-1
1938,-3.371188,50.87731,6,-1
1939,-2.4899547,-45.53571,1,-1
1940,63.038307,-27.03744,7,-1
1941,3.549481,48.73229,6,-1
1942,-45.3851,-14.611654,2,-1
1943,64.82329,-28.790464,7,-1
1944,-38.700977,25.491013,5,-1
1945,-27.754324,58.24713,0,-1
1946,-38.829384,17.378704,3,-1
1947,-46.851013,-2.4630616,3,-1
1948,-33.13964,11.844684,3,-1
1949,-0.23503175,-20.91419,1,-1
1950,-4.957519,-20.319117,1,-1
1951,-36.215584,0.18510297,3,-1
1952,48.161823,-10.498097,9,-1
1953,58.632507,-26.301031,7,-1
1954,6.197346,35.322624,6,-1
1955,17.360838,45.829464,6,-1
1956,-29.939838,0.8512527,3,-1
1957,1.7979337,-44.733425,1,-1
1958,60.362167,-29.085306,7,-1
1959,-3.259448,-7.396435,8,-1
1960,-2.9026356,-53.898743,1,-1
1961,45.349785,-39.147106,7,-1
1962,4.7327504,40.61172,6,-1
1963,-24.13046,-18.831955,8,-1
1964,-1.3049448,3.9936836,5,-1
1965,-13.768095,-2.4797332,8,-1
1966,12.805289,20.399933,5,-1
1967,-18.19312,-11.294721,8,-1
1968,-35.595867,65.68941,0,-1
1969,1.6758925,-33.23933,1,-1
1970,-1.3513596,52.382656,6,-1
1971,-21.98016,55.458782,0,-1
1972,3.4179475,-21.214607,1,-1
1973,-1.0990286,-14.367727,1,-1
1974,3.1518493,49.833996,6,-1
1975,-8.205695,35.4682,5,-1
1976,-20.833313,2.952305,8,-1
1977,-42.84812,12.696765,3,-1
1978,4.2005763,41.241547,6,-1
1979,52.53925,26.816973,4,-1
1980,-38.587925,56.77874,0,-1
1981,-2.0976937,-51.853924,1,-1
1982,18.585382,24.55803,4,-1
1983,-3.7694893,-54.24015,1,-1
1984,-47.2344,-40.621964,2,-1
1985,-0.7596788,54.38323,6,-1
1986,52.768158,28.107971,4,-1
1987,26.804447,-35.548344,9,-1
1988,31.850193,11.247748,9,-1
1989,14.383583,54.386364,6,-1
1990,1.4501916,-57.275627,1,-1
1991,-1.7928728,-58.569946,1,-1
1992,40.12888,13.863465,9,-1
1993,12.718307,-7.962203,8,-1
1994,5.8138556,6.580596,8,-1
1995,2.4741535,-17.452965,1,-1
1996,-0.8119406,5.431796,5,-1
1997,-20.326107,69.09951,0,-1
1998,57.03914,-13.732941,9,-1
1999,-62.20927,-17.45085,8,-1
2000,5.3510494,52.831287,6,-1
2001,39.467503,-5.2345243,4,-1
2002,42.160126,9.262717,4,-1
2003,-1.6688606,-59.416454,1,-1
2004,-34.766388,53.179646,0,-1
2005,-44.63452,-5.498033,3,-1
2006,-31.258604,-7.1435595,8,-1
2007,20.189878,52.27855,6,-1
2008,3.903485,34.27462,6,-1
2009,7.6881075,6.5063705,5,-1
2010,-48.66552,1.0750673,3,-1
2011,-31.129454,-12.162732,8,-1
2012,-2.0551121,-50.424118,1,-1
2013,-3.5754218,-27.515192,1,-1
2014,40.21437,10.44492,4,-1
2015,-39.98472,21.418291,3,-1
2016,-19.716578,42.493168,0,-1
2017,-34.32937,-17.909864,8,-1
2018,-38.966534,16.737732,3,-1
2019,0.6087316,-26.403755,1,-1
2020,21.907703,41.18792,6,-1
2021,-38.714535,52.788998,0,-1
2022,35.959072,8.023378,9,-1
2023,-47.872665,-3.7029715,3,-1
2024,-36.348083,-0.16506684,3,-1
2025,9.533801,41.910202,6,-1
2026,30.780157,13.765131,4,-1
2027,-6.206396,-46.381027,1,-1
2028,-47.036495,-40.05311,2,-1
2029,38.950573,-0.6421824,4,-1
2030,-23.098337,65.479546,0,-1
2031,60.28732,-31.947666,7,-1
2032,-8.321861,-55.13074,1,-1
2033,30.535938,-21.66761,9,-1
2034,58.32152,-31.193481,7,-1
2035,-30.623281,10.050729,3,-1
2036,3.609593,-12.102428,1,-1
2037,-38.67812,-44.663315,2,-1
2038,-44.96494,-35.324413,2,-1
2039,-31.935305,-21.203789,8,-1
2040,38.877342,9.216647,4,-1
2041,27.410145,-25.824121,9,-1
2042,-33.556183,-41.082027,2,-1
2043,-39.8929,-36.8515,2,-1
2044,-14.707463,7.0238147,8,-1
2045,-50.36387,-9.277237,3,-1
2046,58.114765,-0.13696483,4,-1
2047,-20.489822,-39.434082,2,-1
2048,-27.945993,-6.527154,8,-1
2049,-26.567488,-38.891113,2,-1
2050,-2.0137763,5.377601,5,-1
2051,55.539787,-26.226643,7,-1
2052,46.660786,-33.81529,7,-1
2053,-10.772381,54.833668,6,-1
2054,11.741689,54.015415,6,-1
2055,22.149199,17.268785,3,-1
2056,-27.776527,-12.515901,8,-1
2057,-23.965618,-18.20382,8,-1
2058,56.0595,-31.257626,7,-1
2059,28.017467,2.6905346,4,-1
2060,-25.110638,-5.780462,8,-1
2061,-51.60687,-36.30225,2,-1
2062,-50.268288,-33.955757,2,-1
2063,-30.407604,-18.466866,8,-1
2064,38.936607,9.338823,4,-1
2065,50.940586,-26.54416,7,-1
2066,-21.717375,9.167339,8,-1
2067,38.1919,34.679108,6,-1
2068,-29.116938,60.304817,0,-1
2069,8.581243,52.71612,6,-1
2070,-42.747948,-39.602585,2,-1
2071,-27.25565,-12.882782,8,-1
2072,44.17442,4.790833,4,-1
2073,-25.463253,14.58423,3,-1
2074,-32.824566,-17.035757,8,-1
2075,-2.426067,41.133476,6,-1
2076,-22.58571,47.17685,0,-1
2077,-26.735422,64.68656,0,-1
2078,-20.399296,6.5829563,8,-1
2079,-0.5799968,-56.140095,1,-1
2080,-45.53627,14.781078,3,-1
2081,-53.897236,-40.711926,2,-1
2082,30.74542,3.8269877,9,-1
2083,-21.522806,-43.23975,7,-1
2084,16.57937,48.613155,6,-1
2085,8.281009,47.588615,6,-1
2086,-19.721043,41.0698,0,-1
2087,40.22597,-11.549216,4,-1
2088,20.625832,-11.030243,7,-1
2089,6.0269794,-41.977028,7,-1
2090,56.282722,-36.75314,7,-1
2091,-6.451217,23.323483,5,-1
2092,-56.385674,-37.44966,2,-1
2093,-15.905438,4.436773,8,-1
2094,10.752748,-51.315453,7,-1
2095,-36.621162,27.891367,5,-1
2096,-49.317566,-42.036755,2,-1
2097,-32.21215,33.991688,8,-1
2098,32.724144,-22.831295,9,-1
2099,9.221209,8.379793,5,-1
2100,38.221165,-5.3074527,4,-1
2101,3.655683,40.55047,6,-1
2102,-48.935078,3.8651786,3,-1
2103,34.00949,-32.197586,9,-1
2104,17.661158,7.2490077,7,-1
2105,53.533474,24.946058,4,-1
2106,48.408115,-35.775642,7,-1
2107,-29.5025,12.417642,3,-1
2108,36.774277,-32.234093,7,-1
2109,13.12885,38.23302,6,-1
2110,61.548943,-28.66324,7,-1
2111,43.949158,18.22831,4,-1
2112,-34.949936,-8.047754,8,-1
2113,37.249523,-15.161583,4,-1
2114,-28.169601,-10.715048,8,-1
2115,7.28382,42.913082,6,-1
2116,43.116974,17.048286,4,-1
2117,-25.613358,6.9819508,2,-1
2118,0.06650985,-40.720505,1,-1
2119,56.14424,-32.335842,7,-1
2120,26.155476,-29.519503,9,-1
2121,5.5160875,-14.002066,1,-1
2122,-11.3210125,18.450575,5,-1
2123,13.341707,42.615498,6,-1
2124,26.189842,-30.658167,9,-1
2125,-32.65437,9.741421,3,-1
2126,47.402214,-29.459711,7,-1
2127,33.784912,6.9499407,9,-1
2128,2.6286826,4.6187305,5,-1
2129,1.7853004,-15.232942,1,-1
2130,-1.9366186,59.144657,8,-1
2131,-10.2780485,-44.41036,1,-1
2132,-36.88277,57.45744,0,-1
2133,49.85106,-44.053867,7,-1
2134,-25.136068,-29.269072,2,-1
2135,2.9590442,14.495747,5,-1
2136,34.586834,14.139581,9,-1
2137,33.814594,5.5941195,4,-1
2138,29.049587,4.277301,4,-1
2139,-11.127461,-41.934418,1,-1
2140,-26.859644,48.657803,0,-1
2141,50.88236,-35.2138,7,-1
2142,50.59063,-1.7125415,4,-1
2143,-24.500769,45.729538,0,-1
2144,38.81411,-3.973041,4,-1
2145,-47.980247,16.592577,3,-1
2146,-41.913467,1.3459582,3,-1
2147,-3.356087,-11.387372,4,-1
2148,-39.16811,-35.18114,2,-1
2149,-6.977736,18.451784,5,-1
2150,-1.574917,-60.259617,1,-1
2151,-1.3596841,5.963709,5,-1
2152,0.38485518,-28.958693,1,-1
2153,-37.9882,62.128716,0,-1
2154,-3.0337133,-18.241882,1,-1
2155,52.809494,-35.179016,7,-1
2156,15.58908,-31.631882,7,-1
2157,-9.115329,-33.545837,2,-1
2158,12.216425,-32.562428,7,-1
2159,1.3139497,10.524111,5,-1
2160,-20.376648,14.57248,8,-1
2161,-47.246742,0.41561857,3,-1
2162,26.416885,-5.255371,9,-1
2163,38.537544,-20.659517,4,-1
2164,37.733467,16.371418,4,-1
2165,13.417341,47.392567,6,-1
2166,-35.0439,23.438456,8,-1
2167,-51.009388,-34.45624,2,-1
2168,7.032366,12.111029,5,-1
2169,57.700184,-1.6912969,4,-1
2170,2.9337497,-46.058533,1,-1
2171,-27.816706,-20.028732,8,-1
2172,43.119877,-39.941364,7,-1
2173,49.385155,3.9788973,4,-1
2174,-1.5882994,-54.80889,1,-1
2175,-3.2410057,-58.1249,1,-1
2176,51.013172,-5.4148903,3,-1
2177,-1.8229767,-33.54227,1,-1
2178,43.45803,2.5828667,4,-1
2179,7.335763,10.066068,5,-1
2180,-16.602478,-28.303144,5,-1
2181,2.2223647,57.87942,6,-1
2182,-7.3361077,-49.846012,1,-1
2183,38.985504,-8.587607,4,-1
2184,36.949696,13.614526,4,-1
2185,-33.591022,19.233883,3,-1
2186,-6.104028,-38.81035,1,-1
2187,48.677555,-3.1912215,4,-1
2188,-54.64023,6.567738,3,-1
2189,26.523666,43.71953,6,-1
2190,3.6744623,53.608906,6,-1
2191,-0.31777465,-41.78374,1,-1
2192,-9.1129465,-33.49852,2,-1
2193,-50.437817,9.742319,3,-1
2194,-34.222794,-10.644575,8,-1
2195,-50.107315,3.3479352,3,-1
2196,27.015497,-11.093435,9,-1
2197,-22.576519,68.36127,0,-1
2198,-3.3877625,-63.04468,1,-1
2199,52.050797,28.767202,4,-1
2200,26.430332,46.492104,6,-1
2201,48.884487,-7.6383896,9,-1
2202,4.594391,13.060598,5,-1
2203,-50.163574,-12.533868,3,-1
2204,-40.927017,-32.161804,2,-1
2205,9.640983,6.4404182,5,-1
2206,26.995459,2.0031166,4,-1
2207,45.882988,-8.335751,8,-1
2208,-19.050291,-12.074204,8,-1
2209,-35.89965,51.80052,0,-1
2210,-31.61583,55.036358,9,-1
2211,-46.334785,18.482891,3,-1
2212,-32.10072,-34.544537,2,-1
2213,1.3622459,13.743751,5,-1
2214,45.85296,12.737469,4,-1
2215,13.528343,51.239532,6,-1
2216,-47.823353,15.019499,3,-1
2217,42.457222,-42.881413,7,-1
2218,-29.176495,54.9216,0,-1
2219,6.83755,45.698544,6,-1
2220,0.981247,40.321735,6,-1
2221,-22.261694,49.18912,0,-1
2222,-44.07816,-4.5318155,3,-1
2223,-29.793264,62.7958,0,-1
2224,-24.883894,54.41724,0,-1
2225,-45.14185,12.882535,3,-1
2226,-51.394894,-34.692493,2,-1
2227,-39.75864,-42.271538,2,-1
2228,-41.268585,56.27573,0,-1
2229,2.3852274,-8.778092,1,-1
2230,-20.811983,53.75495,0,-1
2231,13.976936,56.407505,6,-1
2232,21.429174,42.649097,6,-1
2233,-53.77482,-41.546566,2,-1
2234,13.760226,18.708075,3,-1
2235,11.5686,-22.557325,2,-1
2236,41.789467,17.607733,4,-1
2237,-30.800356,1.5247711,3,-1
2238,-0.85256255,-18.711506,1,-1
2239,-24.629175,-15.791329,8,-1
2240,35.354088,-15.147527,4,-1
2241,44.179123,14.509937,4,-1
2242,-33.880806,-47.01098,2,-1
2243,-28.954454,21.067595,3,-1
2244,-28.586517,-11.32411,8,-1
2245,-7.27231,-54.801342,1,-1
2246,-0.80854255,-1.3842319,2,-1
2247,20.89182,45.621326,6,-1
2248,-35.70386,-14.237711,8,-1
2249,5.440792,-43.704266,7,-1
2250,-0.40565372,4.269771,5,-1
2251,-54.29322,-41.02031,2,-1
2252,64.69769,-28.638008,7,-1
2253,14.788304,-37.316658,2,-1
2254,-22.423988,-37.14985,2,-1
2255,-23.681452,27.634571,3,-1
2256,-5.6503954,-61.476837,1,-1
2257,58.254395,-3.976263,4,-1
2258,-5.1487393,-52.91057,1,-1
2259,-43.625763,-7.37459,3,-1
2260,45.687904,-40.22156,7,-1
2261,-50.039673,1.6004748,3,-1
2262,-28.50634,14.578947,3,-1
2263,-28.09804,61.58053,0,-1
2264,47.920837,28.932392,4,-1
2265,2.1709774,7.580234,5,-1
2266,6.138715,45.997265,6,-1
2267,38.24313,-47.091743,7,-1
2268,25.935957,-29.013178,9,-1
2269,3.168512,-20.907505,1,-1
2270,2.7117352,39.589943,8,-1
2271,41.23693,-39.33234,7,-1
2272,-50.57225,-30.604513,2,-1
2273,4.067347,-12.823414,1,-1
2274,40.984135,-0.2965324,4,-1
2275,-24.216719,-10.633655,8,-1
2276,48.173897,29.24596,4,-1
2277,10.971247,54.74579,6,-1
2278,-3.2255697,-14.196091,1,-1
2279,6.5385504,12.480389,5,-1
2280,-23.977966,51.537045,0,-1
2281,-3.8226357,-35.379017,1,-1
2282,46.37718,-30.312078,7,-1
2283,54.272675,-2.7070875,4,-1
2284,-28.56013,25.832365,5,-1
2285,-24.721106,56.56597,0,-1
2286,6.290085,38.556595,6,-1
2287,-24.006603,58.154476,0,-1
2288,-47.834164,-40.40746,2,-1
2289,32.154522,-28.654366,9,-1
2290,48.74135,-36.674816,7,-1
2291,3.601686,-41.188305,2,-1
2292,-37.123753,23.292673,5,-1
2293,41.07233,-1.3180611,4,-1
2294,-28.144981,28.196136,5,-1
2295,34.2593,-41.351,7,-1
2296,-4.244711,-37.08275,1,-1
2297,28.826017,-44.51248,7,-1
2298,-29.46311,26.046982,5,-1
2299,-20.928978,2.4525814,8,-1
2300,-17.548523,-22.290081,8,-1
2301,-30.328234,16.904955,3,-1
2302,-2.589483,-57.313793,7,-1
2303,38.105114,34.974327,6,-1
2304,27.339985,-26.546753,9,-1
2305,-41.96285,3.353457,3,-1
2306,54.412724,-30.411985,7,-1
2307,42.034706,-39.040886,7,-1
2308,57.48005,-37.60227,7,-1
2309,51.71485,-26.064196,7,-1
2310,-3.3332834,-21.965734,1,-1
2311,-23.35149,-19.902575,8,-1
2312,-20.562864,-5.3619194,8,-1
2313,35.977722,-26.149548,9,-1
2314,-25.994646,10.026441,8,-1
2315,24.7638,42.68128,6,-1
2316,46.370106,-7.635121,9,-1
2317,-0.4800315,49.802937,6,-1
2318,25.270872,-1.5838941,4,-1
2319,53.393356,0.85457397,4,-1
2320,50.627537,-10.784274,9,-1
2321,-31.34862,-18.041475,8,-1
2322,8.035428,-59.66115,4,-1
2323,-36.344944,52.587074,0,-1
2324,24.913343,9.146179,7,-1
2325,-49.821487,3.2139266,3,-1
2326,46.961346,21.213243,4,-1
2327,43.719707,-41.511375,7,-1
2328,57.08175,-27.924244,7,-1
2329,-41.675053,-33.274025,2,-1
2330,-6.766134,-4.128782,2,-1
2331,-0.120367385,57.709816,6,-1
2332,-40.988716,60.54889,0,-1
2333,-2.0985243,41.1414,6,-1
2334,-0.41516912,-38.233475,7,-1
2335,-29.900543,-19.810795,8,-1
2336,16.804909,48.98674,6,-1
2337,10.347719,-6.951139,8,-1
2338,-5.101976,-49.584457,1,-1
2339,7.0375457,-60.969925,4,-1
2340,51.641857,26.482687,4,-1
2341,55.685066,-31.023876,7,-1
2342,37.87383,16.572449,4,-1
2343,-25.47925,66.77452,0,-1
2344,19.102865,-17.589827,2,-1
2345,-1.766322,41.197178,6,-1
2346,42.41756,32.609867,7,-1
2347,-30.823713,10.163553,3,-1
2348,-26.07794,24.370691,5,-1
2349,44.840717,11.260389,4,-1
2350,47.903946,-27.441223,7,-1
2351,49.2268,-13.305725,9,-1
2352,-19.309397,7.754598,8,-1
2353,-30.287642,-19.906878,8,-1
2354,-2.8388884,23.307896,5,-1
2355,-38.03564,-42.525482,2,-1
2356,-20.556044,-6.8449206,8,-1
2357,-37.327915,63.90343,0,-1
2358,-2.0522802,-50.719093,1,-1
2359,6.9762735,40.90803,6,-1
2360,45.44097,11.666457,4,-1
2361,26.892654,-3.5184846,4,-1
2362,-17.955767,-5.369028,8,-1
2363,-4.7022886,-33.900692,1,-1
2364,-23.503801,68.47256,0,-1
2365,-47.79482,2.3062496,3,-1
2366,-40.2382,18.982151,3,-1
2367,-52.71446,-1.9559994,3,-1
2368,-35.070236,7.619932,3,-1
2369,-28.47991,60.16763,0,-1
2370,12.726234,-43.729572,2,-1
2371,47.051113,-41.48064,7,-1
2372,34.747707,-45.415394,7,-1
2373,-0.14631689,-48.77507,1,-1
2374,28.011286,-42.81439,7,-1
2375,-4.0710297,49.213737,6,-1
2376,39.828434,-9.145154,4,-1
2377,0.25218028,-15.7644205,1,-1
2378,32.81827,-26.533043,9,-1
2379,-34.328686,28.98355,5,-1
2380,-24.450369,-13.058489,8,-1
2381,28.945654,8.280955,7,-1
2382,2.1050236,-30.935972,1,-1
2383,-6.6297235,-57.44865,1,-1
2384,-17.181763,23.62944,5,-1
2385,27.925547,8.823369,7,-1
2386,6.2334156,-41.95611,7,-1
2387,-53.34024,-35.21205,2,-1
2388,1.4310865,37.313107,6,-1
2389,59.964386,-28.731525,7,-1
2390,-49.810345,-36.91473,2,-1
2391,-2.7827582,43.64227,6,-1
2392,-18.739674,19.721962,5,-1
2393,-32.785667,-48.67767,2,-1
2394,-40.2818,23.307785,3,-1
2395,-27.810703,29.322708,5,-1
2396,-2.0469747,20.987219,5,-1
2397,-1.6959491,8.597221,5,-1
2398,-21.673769,58.517124,0,-1
2399,-10.53938,9.108795,3,-1
2400,-12.221174,20.898748,5,-1
2401,3.2961597,47.79151,6,-1
2402,1.5968955,-41.034874,1,-1
2403,-29.296438,11.560039,5,-1
2404,37.366158,-43.685947,7,-1
2405,53.92341,-21.746254,7,-1
2406,-31.399704,-43.36963,2,-1
2407,-6.791509,-45.284058,1,-1
2408,42.90236,-39.089855,7,-1
2409,8.692526,53.882145,2,-1
2410,-34.497944,60.359844,0,-1
2411,35.757595,-1.4976505,9,-1
2412,-35.10745,29.749548,5,-1
2413,-36.673527,-48.718235,2,-1
2414,-37.94863,28.787247,5,-1
2415,-8.361477,-53.516407,1,-1
2416,42.747944,-43.23754,7,-1
2417,-15.1050415,0.42945075,8,-1
2418,-37.70287,6.8899264,3,-1
2419,35.548492,-0.9021781,9,-1
2420,-23.139933,7.644408,8,-1
2421,45.85033,16.70204,9,-1
2422,-48.87932,2.1186385,3,-1
2423,59.97417,-35.307743,7,-1
2424,-0.4688688,-63.47963,1,-1
2425,-21.223516,-41.936234,1,-1
2426,9.849111,6.0964937,5,-1
2427,40.0699,13.752546,9,-1
2428,-7.1317472,22.81126,5,-1
2429,-41.584396,3.4779418,3,-1
2430,-48.75785,-36.860134,2,-1
2431,2.0478961,49.398262,6,-1
2432,-30.22718,18.178291,3,-1
2433,24.255255,-29.484272,7,-1
2434,5.12191,35.22151,6,-1
2435,7.407385,40.448,6,-1
2436,-48.891388,8.164014,3,-1
2437,8.925829,52.996536,6,-1
2438,30.326982,10.359192,9,-1
2439,-8.401072,24.120285,5,-1
2440,41.92107,-6.0443616,4,-1
2441,-47.336838,-43.164017,2,-1
2442,-20.590956,69.05375,0,-1
2443,45.657547,-33.293606,7,-1
2444,-31.279345,-13.446803,8,-1
2445,50.349117,4.8293886,4,-1
2446,47.411037,-2.1620796,4,-1
2447,-29.262081,54.248615,0,-1
2448,-28.07708,-44.934963,2,-1
2449,-20.933197,-5.1270456,8,-1
2450,-25.975586,53.4837,0,-1
2451,44.04298,-39.62583,7,-1
2452,-38.42215,-39.729496,2,-1
2453,-20.484175,65.9525,0,-1
2454,41.837025,15.208824,9,-1
2455,-16.020842,26.224638,5,-1
2456,44.01795,-4.2005453,4,-1
2457,8.950759,4.1432166,8,-1
2458,52.562466,-41.995792,7,-1
2459,-6.868706,-35.732937,2,-1
2460,-39.336037,26.112377,5,-1
2461,-23.142284,21.246025,5,-1
2462,-15.845012,18.869934,5,-1
2463,-22.69189,-41.57809,2,-1
2464,17.451733,39.228615,6,-1
2465,12.370688,49.885986,4,-1
2466,51.76714,-45.757313,7,-1
2467,20.43814,41.990715,6,-1
2468,-14.89546,39.672863,0,-1
2469,26.174234,-28.627327,9,-1
2470,48.635063,-44.960472,7,-1
2471,-28.933636,21.05018,3,-1
2472,20.590649,49.587696,6,-1
2473,2.640289,36.55997,6,-1
2474,28.514986,12.101582,4,-1
2475,42.19629,11.0207615,9,-1
2476,7.274493,29.374905,5,-1
2477,4.8126388,0.88339955,0,-1
2478,1.7542366,43.664,6,-1
2479,5.3993497,33.58725,6,-1
2480,39.464966,-19.417435,4,-1
2481,-18.439167,-2.4059236,8,-1
2482,31.004608,-30.81537,9,-1
2483,-50.05011,6.9997315,3,-1
2484,12.081509,-32.528416,7,-1
2485,32.474533,0.6566699,9,-1
2486,2.2433631,4.85723,5,-1
2487,-3.648772,-42.20086,1,-1
2488,10.582879,5.583342,5,-1
2489,-48.1694,-41.198505,2,-1
2490,-6.1168404,-55.581585,1,-1
2491,27.330544,-24.239592,9,-1
2492,28.323143,9.341092,9,-1
2493,6.7773123,29.903929,5,-1
2494,52.417927,8.362354,4,-1
2495,37.931248,-10.936434,4,-1
2496,37.128754,-45.257526,7,-1
2497,-15.646016,-0.7544269,8,-1
2498,-42.40824,-1.3275115,3,-1
2499,-22.84445,23.64514,5,-1
2500,-27.706322,-42.209656,2,-1
2501,33.653492,7.32206,9,-1
2502,-47.702953,9.743482,3,-1
2503,51.263058,14.132195,9,-1
2504,39.715977,-22.094723,4,-1
2505,-3.9757156,-24.741215,1,-1
2506,38.01999,-38.791023,7,-1
2507,26.4822,-34.18332,9,-1
2508,32.48059,-26.353764,9,-1
2509,-27.51707,-42.113003,2,-1
2510,-32.812866,45.647484,0,-1
2511,0.7590733,-57.012596,1,-1
2512,40.41128,19.40739,4,-1
2513,2.6806164,-37.69265,4,-1
2514,-24.01008,-10.481648,8,-1
2515,38.584156,-13.782737,4,-1
2516,8.950303,36.407684,6,-1
2517,-35.99904,57.145874,0,-1
2518,23.377892,40.264645,6,-1
2519,28.956434,-32.43098,9,-1
2520,-35.416386,-0.21995264,3,-1
2521,-29.148314,56.28903,0,-1
2522,-23.20077,-8.027826,8,-1
2523,12.918358,-36.538986,2,-1
2524,-42.745018,52.79358,0,-1
2525,25.281513,-26.000086,9,-1
2526,3.8577552,47.227623,6,-1
2527,-18.041477,-26.321978,2,-1
2528,-19.74343,-21.753408,8,-1
2529,-17.478954,6.0081043,8,-1
2530,-44.407337,-2.3182085,3,-1
2531,-26.039354,54.336018,0,-1
2532,43.20971,-1.3759577,4,-1
2533,43.621,-35.75374,7,-1
2534,40.64641,7.367293,7,-1
2535,-2.0532322,43.610058,6,-1
2536,-29.56906,26.022316,5,-1
2537,44.832825,2.1137023,4,-1
2538,-0.8411142,-1.4833008,1,-1
2539,-22.65884,55.1879,0,-1
2540,52.471935,2.128051,4,-1
2541,47.347794,-42.01497,7,-1
2542,-16.18576,-23.146414,8,-1
2543,26.136633,-26.721481,9,-1
2544,51.164436,-8.809548,9,-1
2545,-1.7756963,-27.805317,1,-1
2546,-39.64297,1.3528275,3,-1
2547,-25.619017,48.610058,0,-1
2548,48.47443,13.233469,4,-1
2549,-42.10401,54.994785,0,-1
2550,26.402266,-4.411838,9,-1
2551,-31.944805,6.814909,3,-1
2552,-2.6580522,-21.799608,1,-1
2553,31.440002,-46.21148,7,-1
2554,-0.49261183,40.01809,8,-1
2555,-1.5103117,7.0293784,5,-1
2556,-1.6952031,33.80684,6,-1
2557,51.165955,0.793355,4,-1
2558,-2.4101923,-53.18443,1,-1
2559,-49.038807,12.074296,3,-1
2560,-18.874918,57.23722,0,-1
2561,2.8233364,20.829725,5,-1
2562,-53.19966,-39.495197,2,-1
2563,50.997066,-36.61017,7,-1
2564,-32.832912,-19.030405,8,-1
2565,-42.3878,16.079899,3,-1
2566,18.065062,42.706383,6,-1
2567,1.806183,-58.66756,1,-1
2568,39.71578,-3.649499,4,-1
2569,7.237594,10.776731,5,-1
2570,39.80732,-38.648693,7,-1
2571,-10.366702,-44.125027,1,-1
2572,-13.563235,-5.3456116,8,-1
2573,18.07355,23.745584,4,-1
2574,59.436794,-26.422047,7,-1
2575,29.100893,1.0827882,4,-1
2576,-32.568295,31.420488,5,-1
2577,-2.646734,-18.265621,1,-1
2578,1.151448,-28.157375,1,-1
2579,-25.221504,-14.559912,8,-1
2580,-2.982791,-26.792448,1,-1
2581,-2.001513,-20.06223,1,-1
2582,11.035794,37.86921,6,-1
2583,-34.801765,27.099693,8,-1
2584,30.53497,-8.960746,9,-1
2585,-49.21314,-29.662851,2,-1
2586,43.263744,-1.5206777,4,-1
2587,0.8771628,-12.221136,1,-1
2588,11.630243,-22.829023,2,-1
2589,-33.98903,1.5373833,3,-1
2590,15.037474,-2.5269256,2,-1
2591,-7.105383,-47.758507,1,-1
2592,-23.32946,63.161278,0,-1
2593,-29.797844,-18.460794,8,-1
2594,22.886639,52.145622,6,-1
2595,26.962587,-2.7207472,4,-1
2596,-0.16304702,-22.02706,1,-1
2597,-2.8807952,-61.51185,1,-1
2598,10.125388,50.800995,6,-1
2599,27.502874,-34.13714,9,-1
2600,-1.0812397,42.06133,6,-1
2601,36.06329,4.2205296,9,-1
2602,38.02179,-15.566325,4,-1
2603,19.967129,54.17518,6,-1
2604,-23.720907,57.186325,0,-1
2605,25.00355,0.5854499,4,-1
2606,-2.3934357,-48.5396,1,-1
2607,-29.886599,49.34118,0,-1
2608,46.685635,12.75319,4,-1
2609,-0.3841102,-49.760284,1,-1
2610,-39.26321,50.805145,0,-1
2611,17.937092,47.76439,6,-1
2612,49.331932,15.437111,9,-1
2613,3.940224,-19.44763,1,-1
2614,16.37789,-17.585556,3,-1
2615,-5.046019,-54.36133,1,-1
2616,-34.494114,31.884794,5,-1
2617,-23.766565,-36.424,2,-1
2618,-12.182912,-44.932045,1,-1
2619,-15.661688,-8.540988,8,-1
2620,-0.8919601,-12.573193,1,-1
2621,-39.99906,22.362259,3,-1
2622,7.15806,55.584305,6,-1
2623,61.490433,-31.13655,7,-1
2624,-35.029655,53.33814,0,-1
2625,-10.4513035,-45.684383,1,-1
2626,-4.9999623,-43.968365,1,-1
2627,9.796887,-29.463387,7,-1
2628,19.756996,16.382137,3,-1
2629,1.3083986,-19.882137,1,-1
2630,-25.334507,-20.122852,8,-1
2631,-20.73228,-34.802402,2,-1
2632,6.9840393,7.7995358,5,-1
2633,-54.903957,-33.794888,2,-1
2634,7.576046,17.993639,5,-1
2635,33.96603,-18.179304,4,-1
2636,8.380697,7.505141,5,-1
2637,34.345963,18.826513,9,-1
2638,-41.2522,-40.831913,2,-1
2639,47.21006,-7.9780345,9,-1
2640,48.174717,8.129,4,-1
2641,-26.430859,56.538906,0,-1
2642,40.47928,-48.197346,7,-1
2643,45.20928,-38.443935,7,-1
2644,-30.636898,-46.002926,2,-1
2645,9.819249,1.423112,2,-1
2646,4.5576787,33.63425,6,-1
2647,-22.604488,10.067773,8,-1
2648,-16.505243,24.017683,5,-1
2649,14.778144,-39.675945,2,-1
2650,-12.800369,21.0448,8,-1
2651,65.80535,-27.677479,7,-1
2652,-46.946907,9.993627,3,-1
2653,-8.462947,-55.22665,1,-1
2654,40.330883,-3.663273,4,-1
2655,-41.52359,-39.82062,2,-1
2656,-34.03814,45.148182,0,-1
2657,39.481403,-45.889027,7,-1
2658,-25.10127,62.77601,0,-1
2659,-13.585068,33.106342,5,-1
2660,15.038384,-2.5324922,2,-1
2661,53.593784,-29.579319,7,-1
2662,-6.2075377,-18.386763,1,-1
2663,51.628857,24.489649,4,-1
2664,3.8703985,-11.18334,1,-1
2665,38.87023,-14.623143,4,-1
2666,28.875566,-4.79029,9,-1
2667,11.325084,51.92447,6,-1
2668,36.80324,-27.06025,9,-1
2669,54.4212,26.69906,4,-1
2670,33.009384,-30.04227,9,-1
2671,-0.64441663,-19.850576,1,-1
2672,-29.657724,59.15933,0,-1
2673,29.83359,-33.798885,9,-1
2674,-30.13012,-20.48023,8,-1
2675,29.240519,45.81471,6,-1
2676,-50.41846,-9.017197,3,-1
2677,-42.84215,28.671337,8,-1
2678,-3.4655385,50.935352,6,-1
2679,-39.230656,14.342429,3,-1
2680,-33.54042,53.783916,0,-1
2681,28.10008,-36.55059,9,-1
2682,-6.0348773,18.18033,5,-1
2683,-22.433952,67.51193,0,-1
2684,-41.86353,-39.526142,2,-1
2685,9.6718235,1.1529262,5,-1
2686,7.950655,-61.2338,4,-1
2687,-30.990437,52.86737,0,-1
2688,-1.3556119,-51.728584,1,-1
2689,-27.833582,46.772713,0,-1
2690,66.14025,-33.860176,7,-1
2691,-51.392998,2.4047477,3,-1
2692,34.46323,-3.3523364,7,-1
2693,-33.21907,23.483162,3,-1
2694,1.2404331,14.086218,5,-1
2695,-1.5219845,48.612118,6,-1
2696,33.45538,-23.80846,9,-1
2697,-32.778175,17.64928,3,-1
2698,-49.23331,9.438292,3,-1
2699,37.623516,6.3479075,9,-1
2700,-28.008186,13.739623,3,-1
2701,-1.0402836,-40.912647,1,-1
2702,-51.613953,10.321017,3,-1
2703,55.249958,-21.328262,7,-1
2704,-6.3021383,18.303242,5,-1
2705,-2.154931,45.924324,6,-1
2706,0.8242622,-13.738559,1,-1
2707,-24.826777,-13.746458,8,-1
2708,5.567091,50.06098,6,-1
2709,-38.094097,48.206715,0,-1
2710,-35.25371,65.81791,0,-1
2711,43.98575,21.618126,9,-1
2712,0.0578246,-47.603268,1,-1
2713,-44.5587,-39.08273,2,-1
2714,-26.12477,59.242085,0,-1
2715,-28.544374,63.217022,0,-1
2716,-34.998047,31.460833,5,-1
2717,38.33107,10.782841,4,-1
2718,-20.487736,25.41631,5,-1
2719,-53.274178,2.577121,3,-1
2720,20.413097,15.840825,3,-1
2721,11.528376,-29.848047,7,-1
2722,-47.74297,15.300067,3,-1
2723,-27.486635,56.89688,0,-1
2724,1.79433,36.977093,6,-1
2725,-13.671479,-0.22269744,8,-1
2726,-17.374502,-3.9686666,8,-1
2727,-23.003813,-40.248013,2,-1
2728,-8.554594,-41.841206,1,-1
2729,-36.517242,66.333916,0,-1
2730,51.653038,-8.355732,9,-1
2731,-19.715357,-32.156155,2,-1
2732,-24.55961,57.9003,0,-1
2733,-39.63719,53.926373,0,-1
2734,-28.66933,-23.352295,8,-1
2735,-28.40697,24.184626,5,-1
2736,27.386717,-12.879575,9,-1
2737,21.267628,51.636387,6,-1
2738,30.762657,-27.295164,9,-1
2739,8.718496,39.929794,6,-1
2740,-25.368286,-17.06172,8,-1
2741,37.601704,1.7356455,4,-1
2742,-20.446943,7.128726,8,-1
2743,32.92238,-10.600429,9,-1
2744,-30.525167,-0.09570725,3,-1
2745,-22.63615,-43.849014,2,-1
2746,-34.901333,-39.908997,2,-1
2747,-27.127377,-41.821457,2,-1
2748,-43.202618,-0.37208328,3,-1
2749,19.292048,2.7894049,5,-1
2750,3.0338225,57.35194,6,-1
2751,48.0542,20.124369,4,-1
2752,0.6442424,47.724457,6,-1
2753,-40.915432,53.30437,0,-1
2754,6.8047824,8.976203,5,-1
2755,-1.1698301,-11.44667,1,-1
2756,45.99723,2.4974394,4,-1
2757,4.1713243,-45.768433,1,-1
2758,-36.02932,63.185528,0,-1
2759,49.443237,-40.970745,7,-1
2760,61.153114,-33.535984,7,-1
2761,36.293465,2.7246592,9,-1
2762,-4.5079737,14.479293,5,-1
2763,5.258175,32.514435,6,-1
2764,-21.570078,58.19113,0,-1
2765,21.742395,51.135033,6,-1
2766,15.337365,-43.914646,2,-1
2767,-0.22345312,5.3962555,5,-1
2768,-5.9394097,-43.9556,1,-1
2769,30.458124,-9.212693,9,-1
2770,-21.129383,-33.039722,2,-1
2771,-26.339462,63.499187,0,-1
2772,30.285173,-30.65664,9,-1
2773,57.20954,5.617908,4,-1
2774,0.7018767,-45.28991,1,-1
2775,39.929108,12.886563,9,-1
2776,-41.063366,-43.444042,2,-1
2777,48.28836,-0.539617,4,-1
2778,-3.0173392,-44.87179,1,-1
2779,47.573715,-33.604584,7,-1
2780,37.79021,31.640606,9,-1
2781,-1.8176717,-48.199673,3,-1
2782,-28.446983,-31.945179,2,-1
2783,-51.921444,11.685631,3,-1
2784,49.24408,-13.111463,9,-1
2785,-7.6957464,-52.003914,1,-1
2786,-23.479448,70.246445,0,-1
2787,-56.223812,-37.117496,2,-1
2788,-3.7448149,17.475945,5,-1
2789,52.173206,1.9047996,4,-1
2790,-44.39748,-39.73452,2,-1
2791,-46.71239,6.0283294,8,-1
2792,36.589184,-26.506393,9,-1
2793,-36.003006,57.748653,0,-1
2794,-6.64823,3.0167823,3,-1
2795,-32.391514,26.32631,5,-1
2796,-19.979052,64.77272,0,-1
2797,28.265818,-38.797634,7,-1
2798,-28.73978,14.531108,3,-1
2799,-5.4674754,-49.280437,1,-1
2800,-24.97443,22.641485,5,-1
2801,-41.472855,16.579618,3,-1
2802,48.150124,-8.162365,9,-1
2803,45.212017,-38.293343,7,-1
2804,5.4664006,-59.0084,4,-1
2805,34.506596,-0.27856943,8,-1
2806,10.938105,-52.148674,7,-1
2807,-7.2843885,-54.810497,1,-1
2808,46.1773,5.2518296,4,-1
2809,-23.220055,-38.55216,2,-1
2810,52.467415,-22.639832,3,-1
2811,-19.26179,52.176716,0,-1
2812,30.959354,-11.450312,9,-1
2813,40.87657,-12.186397,4,-1
2814,40.545887,16.8681,4,-1
2815,9.655691,-21.058453,2,-1
2816,-34.24977,9.484068,3,-1
2817,51.37249,-12.399343,9,-1
2818,-41.52777,58.846447,0,-1
2819,2.0484214,-7.050861,8,-1
2820,-36.272194,59.73258,0,-1
2821,-18.5899,24.950647,5,-1
2822,-29.628283,48.838863,0,-1
2823,1.7766372,51.15845,6,-1
2824,5.076011,54.096996,6,-1
2825,-38.12112,56.281364,0,-1
2826,-8.072142,-15.544518,8,-1
2827,-10.394325,19.420595,5,-1
2828,-32.175167,16.67646,3,-1
2829,-31.502054,-43.37999,2,-1
2830,-22.388247,5.285296,8,-1
2831,10.353167,31.651329,5,-1
2832,-32.607086,52.861336,0,-1
2833,25.365805,44.143448,6,-1
2834,-17.726957,25.471584,5,-1
2835,-48.581444,-2.3376713,3,-1
2836,37.97617,-21.835138,4,-1
2837,-38.119095,49.217186,0,-1
2838,1.5859193,-32.325287,1,-1
2839,38.50489,19.159355,9,-1
2840,12.859404,47.12057,6,-1
2841,-52.124477,11.632039,3,-1
2842,41.201397,-43.955185,7,-1
2843,-12.031786,19.300325,5,-1
2844,-6.961053,19.075914,5,-1
2845,8.642802,-60.6615,4,-1
2846,-5.2197676,-51.485943,1,-1
2847,-1.6958259,8.874479,5,-1
2848,46.407505,-39.437714,7,-1
2849,39.779903,-20.813948,4,-1
2850,-8.208867,35.465446,5,-1
2851,-21.648752,57.925037,0,-1
2852,1.6651275,-27.237198,1,-1
2853,17.18678,-34.37245,2,-1
2854,-0.15077297,-49.985317,1,-1
2855,25.698177,-6.570513,7,-1
2856,1.8786013,43.30058,6,-1
2857,5.9220605,55.208496,6,-1
2858,-44.808815,-40.442455,2,-1
2859,-27.887367,-40.866074,2,-1
2860,-40.15652,12.813215,3,-1
2861,-21.918049,55.72836,0,-1
2862,-1.2181151,-27.770107,1,-1
2863,48.40629,-40.578037,7,-1
2864,-20.776762,-19.27753,8,-1
2865,37.73222,-9.889594,4,-1
2866,51.500237,-36.081005,7,-1
2867,-11.439235,-43.764572,1,-1
2868,42.51724,21.015865,5,-1
2869,7.5029526,10.285355,5,-1
2870,3.390412,19.88921,5,-1
2871,40.528286,-17.679585,4,-1
2872,24.775162,-24.826445,9,-1
2873,10.160549,49.024876,6,-1
2874,-19.557995,-21.41695,8,-1
2875,26.514914,-4.9563785,9,-1
2876,-54.82439,-41.187965,2,-1
2877,-29.49831,60.8873,0,-1
2878,62.30268,-24.779013,7,-1
2879,0.5912493,-13.377812,1,-1
2880,31.690115,-33.870724,9,-1
2881,-18.278376,-4.022129,8,-1
2882,46.249275,2.9399297,4,-1
2883,-42.041744,9.849454,3,-1
2884,50.849094,-41.94068,7,-1
2885,-34.5028,28.92974,5,-1
2886,-4.8332844,-54.100224,1,-1
2887,24.592854,8.464278,7,-1
2888,-37.06295,54.027798,0,-1
2889,-40.170624,4.3371625,3,-1
2890,-8.645908,-43.19821,1,-1
2891,57.185642,-40.44404,2,-1
2892,-32.380657,26.48489,5,-1
2893,10.895547,11.392497,5,-1
2894,44.331318,-33.653534,7,-1
2895,66.682816,-31.21645,7,-1
2896,43.078575,22.687012,9,-1
2897,-30.95025,-47.722427,2,-1
2898,-19.295572,-6.6886,8,-1
2899,-38.173843,36.860878,5,-1
2900,-29.336271,-31.07658,2,-1
2901,54.480892,-21.32046,7,-1
2902,-21.114151,62.69535,0,-1
2903,-22.558474,52.111122,0,-1
2904,0.90419173,-27.29813,1,-1
2905,-27.407846,69.342674,0,-1
2906,-35.952293,-37.669956,2,-1
2907,27.837318,-35.10222,9,-1
2908,8.404532,9.204937,5,-1
2909,3.833515,6.5523524,5,-1
2910,7.580884,49.257195,6,-1
2911,-32.08287,-50.04228,2,-1
2912,-39.167366,36.698368,3,-1
2913,-41.7285,1.5335587,3,-1
2914,41.3508,-35.8279,7,-1
2915,26.167278,-13.335325,9,-1
2916,-29.228224,23.49819,5,-1
2917,-39.522606,11.843639,3,-1
2918,1.96961,-11.546162,1,-1
2919,58.02856,-21.79961,7,-1
2920,1.9653441,-41.012238,1,-1
2921,46.31025,7.146599,4,-1
2922,-36.204323,61.18039,0,-1
2923,-31.067469,-13.97436,8,-1
2924,44.414013,-40.19347,7,-1
2925,30.154037,-35.598305,9,-1
2926,-0.7719468,-64.778885,1,-1
2927,-29.849958,-21.08939,8,-1
2928,-37.57855,11.894982,3,-1
2929,-21.978151,-48.448044,2,-1
2930,-39.34213,53.231216,0,-1
2931,-41.221977,-3.1193986,3,-1
2932,10.745989,7.7475314,5,-1
2933,24.895878,0.67820114,4,-1
2934,-14.62527,-1.7447288,8,-1
2935,26.32604,46.60637,6,-1
2936,10.257368,31.861603,6,-1
2937,-18.32549,17.827343,5,-1
2938,60.355255,-25.374348,7,-1
2939,55.196346,1.2142718,4,-1
2940,10.353242,49.972645,6,-1
2941,-0.1588581,-9.986371,1,-1
2942,0.6554576,43.26271,6,-1
2943,31.215298,-46.686623,7,-1
2944,42.937973,-28.847458,9,-1
2945,-13.495776,15.500864,5,-1
2946,2.4032006,41.515083,6,-1
2947,48.757896,23.552126,4,-1
2948,-8.452754,24.034086,5,-1
2949,-46.015167,-41.482697,2,-1
2950,50.218052,-24.578094,7,-1
2951,-36.201893,-8.380878,8,-1
2952,-6.607243,21.491194,5,-1
2953,-47.39526,-39.813354,2,-1
2954,-6.074305,-57.94573,1,-1
2955,6.0551147,53.76578,6,-1
2956,0.11104891,-10.443781,1,-1
2957,31.913023,19.878286,9,-1
2958,34.40225,14.493849,9,-1
2959,-20.312307,3.5502443,8,-1
2960,15.469608,-30.729658,2,-1
2961,30.033678,4.9278116,9,-1
2962,59.41711,-35.38965,7,-1
2963,-35.613667,56.044926,0,-1
2964,-3.8827786,-59.568268,1,-1
2965,-27.298048,5.445832,2,-1
2966,16.803488,49.075344,6,-1
2967,-36.870827,16.356922,3,-1
2968,26.198519,4.8678756,9,-1
2969,10.003454,52.844704,6,-1
2970,-22.043299,-40.23217,2,-1
2971,61.588306,-35.291065,7,-1
2972,56.356125,-0.15698893,4,-1
2973,18.880678,48.942978,6,-1
2974,3.4027994,19.880016,5,-1
2975,12.728053,46.17458,6,-1
2976,0.40640298,-20.339716,1,-1
2977,-23.771248,51.99301,0,-1
2978,-37.657204,-33.792698,2,-1
2979,0.4644731,-61.826336,1,-1
2980,-12.29706,-41.505585,1,-1
2981,28.847637,-35.411175,9,-1
2982,63.86445,-32.48822,7,-1
2983,-17.736347,55.17053,0,-1
2984,-15.369914,-1.3524278,8,-1
2985,36.238796,-42.741543,7,-1
2986,-4.014109,-46.23795,1,-1
2987,52.173912,-46.31553,7,-1
2988,2.9282315,12.775706,5,-1
2989,-8.629733,-42.996143,1,-1
2990,-15.065573,-22.544075,8,-1
2991,-3.6648192,46.659008,6,-1
2992,65.76845,-32.373203,7,-1
2993,62.95762,-26.178553,7,-1
2994,54.55998,-10.69544,9,-1
2995,-18.965612,-14.397702,8,-1
2996,-2.7367427,-30.986164,1,-1
2997,-21.985062,49.560772,0,-1
2998,-37.61048,54.96755,0,-1
2999,43.687023,28.579012,7,-1
